forum,id
1,ABSTURZ... von der Treppenkante
1,der Roomba 780 von iRobot verrichtete seit 2 Tagen zufriedenstellend seinen Dienst bei uns...
1,Am dritten Tag bewegte sich der Roboter plötzlich auf unsere Treppenkante zu und stürzte mit voller Wucht ins Erdgeschoss…
1,"Das Ergebnis: 6 mit tiefen Einkerbungen verunstaltete Holz-Treppenstufen, Schrammen am Roomba 780, Schock des Eigentümers hinsichtlich seiner Technik-Begeisterung und seines unendlichen Vertrauens…"
1,Jetzt steht der kleine Ker vorerst unter permanenter Beobachtung... noch saugt er ja...
1,Die Treppe wird mit einer Holzlatte gesichert…
1,Auf sogenannte Lighthouses will man sich ab sofort nicht mehr verlassen...
1,"Verarbeitung Ok, Programm schlecht"
1,#NAME?
1,#NAME?
1,erreicht nicht alle Stellen
1,#NAME?
1,Nicht Empfehlenswert
1,Unausgereift
1,Ich verstehe die ganzen positiven Bewertungen nicht.
1,Für mich ist der Roomba noch sehr unausgereift:
1,#NAME?
1,#NAME?
1,#NAME?
1,#NAME?
1,"Er verrichtet seine Arbeit sicher hervorragend in einer Laborumgebung, aber wenn man zuhause Stühle, Schränke mit der falschen Fußhöhe oder Kabel hat, macht er wenig Spaß."
1,"Ich hoffe, dass sich die Technik irgendwann weiter entwickelt, denn vom Grundprinzip her wäre es schon recht praktisch."
1,Ich bin sehr enttäuscht
1,Ich habe sehr viel gelesen über einen Saugroboter und hab mich für den Roomba 780 entschieden.
1,Ich habe einen Hund und muss daher fast täglich saugen.
1,Mit dem Saugroboter wollte ich mir eine Erleichterung verschaffen.
1,Nachdem er etwa 470 euro gekostet hat waren meine Erwartungen entsprechend hoch.
1,"Freunde haben mich auch noch überredet, da sie einen eigenen haben."
1,"Kurz vorweg: ich ärger mich über mich selber, dass ich den schlechten Rezessionen so wenig Beachtung geschenkt habe."
1,Die Lieferung war wie immer tadellos.
1,Er kam schnell und gut verpackt.
1,Im Paket war alles enthalten und optisch macht er wirklich was her.
1,Aufladen und einstellen war alles ganz einfach und schon wurde er getestet.
1,"Er ist zwar nicht besonders leise, was mich aber nicht so stören würde, weil ich ihn einfach während dem Gassi losgeschickt hätte."
1,Das Erdgeschoss bei uns hat etwa 40 qm.
1,"Es gibt einen 2 cm hohen Teppich, einen Barhocker, 4 Stühle und einen Tisch als Hindernis."
1,Also ganz normal.
1,"Also der Roomba fuhr los, und nach etwa 2 Minuten zurück zur Ladestation und war fertig."
1,"Kein scherz: er hat nicht mal 1 qm """"gekehrt"""", saugen tut er ja nicht, und war seiner Meinung nach fertig."
1,Ich habe ihn dann mittig des Wohnzimmers gestellt und den weg zur Ladestation versperrt.
1,Er fuhr wieder los und fuhr in die Küche.
1,Dort hat er gleich mal die Sockelleiste abgerissen.
1,"Er fuhr zwei mal hin und her, ließ einige Hundehaare zurück und fuhr in den Flur."
1,Dort blieb er sofort unter einem Schuhschrank hängen und beendete wieder sein Saugprogramm.
1,Ich habe ihn befreit und es ging weiter.
1,Er fuhr zum Abtreter an der Haustür schob diesen hin und her und verursachte mehr Dreck als vorher sichtbar.
1,Den Dreck lies er liegen und fuhr ins Wohnzimmer zurück wo er sofort an dem Teppich hängen blieb.
1,"Gerade der war mir wichtig sauber zu werden, doch da kommt er nicht hoch."
1,"Und mal ehrlich, es ist kein Langfloorteppich."
1,Selbst an den Stuhlbeinen hängt er sich auf.
1,"Im Bad gibt es einen Badteppich, sehr dünn, der ist wiederum zu leicht für den Sauger."
1,Er schiebt ihn nur beiseite.
1,In der Küche ist mir etwas Kakaopulver auf den Boden gefallen.
1,Ihr glaubt doch nicht im ernst dass er das problemlos schafft.
1,Er ist halt nur eine Kehrmaschiene.
1,In 90 gradecken kommt er übrigens auch nicht.
1,Eigentlich mag ich gar nicht weiter schreiben weil ich nur noch wütender werde.
1,"Sollte man es schaffen dass der Roboter ohne sich aufzuhängen weiter saugt, dann müsst ihr für die 40 qm mit 1-1.5 stunden Kehrzeit rechnen."
1,"Mal ehrlich, mit nem normalen Sauger ist man in ner viertel stunde fertig."
1,"Da man ja nicht 0 Sterne vergeben kann, versuche ich noch einen positiven Satz für den einen stern zu schreiben."
1,"Der Roomba, wenn er es überhaupt bis dahin schafft, hat unter dem Hundebett gekehrt."
1,Das muss ich normalerweise erst wegschieben um mit einem normalen Staubsauger hinzukommen.
1,Das gleiche gilt für das Ehebett.
1,Weiterhin schafft er es unter den Türblättern den staub und die haare vorzuholen.
1,"Positiv ist noch, dass er beutellos ist, aber hat man ein Haustier dann ist der Behälter viel zu klein."
1,"Alles in allem, der letzte schei..., ich bin sehr enttäuscht und das teil geht nach nur einer Woche zurück."
1,Irobot ist der letzte Müll
1,Ich habe mir den irobot bestellt wegen der guten Bewertung und auch bei Stiftung Warentest war er der beste ..voller Vorfreude habe ich ihn installiert…
1,Und dann nahm das grauen fahrt auf...
1,Erst war alles ok bis er ständig versuchte unter die möbel zu kommen er blieb jedoch jedesmal mit seine Empfänger hängen....
1,Er fuhr mit vollen Schwung gegen die möbel....
1,Ich dachte naja gut gucken wir mal weiter... 
1,Iwann war er dann in der Küche... 
1,Eins muss man ihm lassen leise saugen tut er...
1,Aber das ständige gegen die Wand gefahre nervt...
1,Es dollert die ganze zeit...
1,Auf unsern Teppich ist er auch nicht Gefahren...
1,Obwohl in der Beschreibung steht Teppich ist kein Problem...
1,Grobmotoriker
1,Die Saugleistung von Roomba 780 leider ungenügend.
1,"Den Fußboden bekommt er einigermaßen sauber, der Benutzer muss die Ecken und einige unzugängliche Stellen trotzdem von Hand saugen."
1,Die Zeitersparnis für den Benutzer ist deshalb minimal.
1,"Roomba ist eine absolute """"Grobmotoriker""""!"
1,Für mich ungenügend- Eher nur ein Spielzeug!
3,"Sauger sehr gut, Lighthouses komplett unbrauchbar"
3,"Also, der Roomba kommt bei uns mit 70m^2 Wohnung mit 2 Langhaarpersonen und 2 Katzen perfekt zurecht. "
3,Saugt täglich im Automatikbetrieb. 
3,"Qualität ist gut, Geschwindigkeit ist gut, kommt in alle Ecken."
3,Natürlich muss man sich ein bischen anpassen. 
3,"Man darf keine Kleinteile mehr liegen lassen, man darf keine Decken o.Ä. liegen lassen und lose Kabel sind auch tabu. "
3,"Dafür tut er etwas was bei 2 Katzen notwendig ist, ich aber keinen Nerv zu hab: Täglich saugen."
3,"Aber, 2 Minuspunkte für folgendes Problem: Die Lighthouses funktionieren einfach nicht. "
3,"Der Sauger fährt nach Zeit im sehr kleinen Computerzimmer wo die Basisstation steht (~20 minuten) dann zum ersten Lighthouse, dreht sich ~2-3 Minuten auf der Linie, und kehrt wieder um. "
3,"Das wiederholt sich noch ein paarmal, jedesmal wieder 10 Minuten Computerzimmer saugen. "
3,"Dann meint er er ist fertig, fährt zur Basisstation und macht Ende."
3,Sprich: Er geht nie über das erste Lighthouse. 
3,"Jetzt das was daran so frustrierend ist: Ich *kann* das beheben, indem ich aus allen Lighthouses die Batterien entferne und neu einsetze während der Roomba (komplett) aus ist. "
3,Das funktioniert aber nicht lange. 
3,"Ein paar Tage später bleibt wieder eines (Batterien sind voll) aus wenn der Roomba startet, und dann wiederholt sich das Spiel."
3,Sobald ich die Lighthouses ganz entferne ist alles gut.
3,"Für den Preis absolut inakzeptabel, finde ich. "
3,"Vorallem weil das ja echt keine Magic ist, die hinter den Lighthouses steht."
3,"nicht für alles geeignet, aber gut"
3,"Dieses Gerät ist erstaunlich, wie viel es jedesmal aufgesaugt hat, obwohl man noch keinen Staub sah. "
3,"Seit wir das iRobot haben, ist es in unserer Wohnung deutlich staubfreier. "
3,Besonders auf glatten Böden hält es sauber. 
3,Durch die flache Bauweise kommt es fast überall unten durch und findet zuverlässig wieder hinaus. 
3,Die beiden Bürsten scheinen gut zu wirken. 
3,"Leider ist er ziemlich laut, so dass man ihn auch durch verschlossene Türen hört - nicht nur wenn er dagegen rumpelt. "
3,Er kommt gut in alle Ecken. 
3,"Die Basisstation ist viel zu leicht und rutscht herum, wenn er andocken will. "
3,Leichte Türschwellen (ab 1 cm) packt er nicht oder nur selten
3,Hier ein paar tips: 
3,"1. aufräumen, denn Socken, lose Elektrokabel und Schmuck frißt er gerne. "
3,"Bei Socken und Elektrokabel geht er dann ins Notaus, da es sich verschluckt und blockiert hat."
3,"2. Schuhe und ähnlich loses Zeug schiebt er einfach vor sich her und man muss sich nicht wundern, wenn ein Schuh dann mal tief unterm Bett wiederzufinden ist."
3,"3. Für wertvolle, alte Teppiche ist der iRobot nichts. "
3,Er zieht dem Teppich einfach die Haare aus.
3,Hier ist das traditionelle ausklopfen immer noch das beste.
3,Freizeit erkaufen?
3,"Überzeugt durch die vielen hoch positiven Rezensionen hier, entschieden wir uns dazu, uns """"Freizeit zu erkaufen"""" und einen ROOMBA 780 anzuschaffen. "
3,Nach einer einwöchigen Testphase haben wir uns von dem teuren Spielzeug wieder verabschiedet und saugen von Hand weiter.
3,Gründe hierfür sind: 
3,- Staubauffangbehälter musste nach beinahe jedem Saugen geleert werden (unsere Wohnung hat 70 Quadratmeter)
3,#NAME?
3,"- unsere Wohnung besteht aus mehreren Räumen, die z.T. mit einer 1,5cm hohen Schwelle getrennt sind "
3,#NAME?
3,"- es muss immer alles weggeräumt werden, damit Roomba effektiv saugen kann (Stühle, Schuhe, Mülleimer, ...)"
3,- unser hochfloorige (ca. 2cm) Teppich wurde nicht gründlich von Staub befreit
3,#NAME?
3,- man muss trotzdem noch 1x in der Woche mit Handstaubsauger saugen
3,"Positiv überrascht waren wir von der Funktion, dass er """"dreckigere"""" Stellen erkennt und dort gründlicher reinigt. "
3,"Es macht Spaß, ihm bei der Arbeit zuzusehen, zumal er relativ leise ist. "
3,Reinigung funktioniert gut. 
3,Bei der Steuerung ist Nachholbedarf
3,Ich habe von einem Freund von Vorwerk das Modell VR200 zum testen bekommen.
3,Dieser steuert ganz elegant und ohne Gegenstände zu berühren durch den Raum.
3,Ist allerdingt eine ganze Ecke teurer!
3,Darum habe ich mir den iRobot geholt. 
3,"Da es soviele positive Bewertungen beim iRobot gab, habe ich gedacht, dass dieses Gerät das top-Gerät sein muß und dann auch noch für diesen Preis."
3,"Leider hat der iRobot eine Papierlampe von uns kaputt gemacht, da er Gegenstände berühren muß um zu erkennen, dass er in eine andere Richtung fahren muß. "
3,"Hierdurch wurden auch Gegenstände verrückt, die nicht verrückt werden sollten (Staffelei, Hundekörbchen,...). "
3,Der Vorwerk war nach 45 Minuten fertig und hat alle markanten Stellen gesaugt. 
3,Der iRobot war nach 60 Minuten noch nicht fertig und hat auch hier Stellen vergessen.
3,"Die Lautstärke ist gefühlt beim iRobot auch lauter, da ich in vom Erdgeschoss bis zum Dachboden gehört habe. "
3,Dies war beim VR200 nicht der Fall.
3,Eine Erleichterung ist es definitiv. 
3,Der iRobot sollte dann allerdings genügend Zeit für's reinigen bekommen.
3,Gute Saugleistung mit kleinen Mängeln
3,Ich war vorher im Besitz eines günstigeren Gerätes einer anderen Marke. 
3,"Beim Roomba 780 kann ich nur sagen, dass die Reinigungsleistung hervorangend ist. "
3,Akkuleistung ist auch sehr gut. 
3,Verarbeitung und Zubehör auch gut. 
3,"Warum nur 3 Sterne: Leider war ein grosses Plastikstück in den Bürsten, welches mir eine Bürste kaputt gemacht hat."
3,Ausserdem ist der Roomba für mein Empfinden relativ laut. 
3,Bei dem Preis hätte ich ein deutlich leiseres Gerät erwartet.
3,"Wobei, wenn man es nur laufen lässt, wenn man nicht zu Hause ist, passt es schon."
3,Hält nicht was er verspricht
3,"Ich bin sehr enttäuscht von dem Roboter, da er in vielen Tests sehr gut abschneidet und auch hier gute Kritiken erhalten hat, hatte ich mehr erwartet. "
3,"Die Lieferung des Gerätes erfolgte sehr schnell, wie man das bei Amazon gewohnt ist. "
3,Das Gerät wirkt von der Verarbeitung und Design gut gelungen und hochwertig. 
3,Auch die Saugleistung würde ich als sehr gut einschätzen. 
3,"Aber die Station hat der Roomba in unserer sehr übersichtlichen Wohnung nie wiedergefunden, weil er sich immer irgendwo festgefahren hatte und gerettet werden musste. "
3,"Das nervt total, wenn man den Roomba immer erst mal suchen muss, wenn man nach Hause kommt und dadurch natürlich auch nicht gesaugt war."
3,"Die Lautstärke war für uns gefühlt zu laut um sich mit dem Gerät während des Betriebs im gleichen Raum aufzuhalten, aber das wäre auch nicht ganz so schlimm, wenn er alleine zurecht käme. "
3,"Für meinen Geschmack fährt der Rommba auch mit zu viel Karacho an die Möbel, da werden sich mit der Zeit Kratzspuren bilden. "
3,"Von einem Lerneffekt habe ich nichts gemerkt, der Roomba fährt auch 3-5 mal hintereinander gegen die gleiche Stelle des Schranks , Tischs oder Stuhls. "
3,"Für mich nicht überzeugend, deshalb wieder zurück gegeben."
3,"Die Bedienung wie Uhrzeit einstellen, Terminplan programmieren ... ist sehr intuitiv und einfach über das Bedienfeld einzustellen."
3,Roboter begeht nach einem Monat 'Selbstmord'
3,"Prinzipiell ein toller Zeitgenosse, der ein paar Wochen den Haushalt wunderbar ergänzt hat. "
3,"Nur, dann stürzte sich der Roboter im Haus die Treppe runter (genau das was laut Produktbeschreibung auf gar keinen Fall passiert). "
3,"Tja, und das war es dann auch schon nach exakt vier Wochen. "
3,Den Sturz hat das Gerät natürlich nicht überstanden. 
3,"Sensationell dagegen wie schnell der Austausch durch Amazon erfolgte (Gerät morgens zurück geschickt, gleichzeitig neues bestellt, welches dann Nachmittags bereits da war). "
3,Der neue Robbi hat es nun schon ein paar Monate bei uns ausgehalten - ohne Selbstmordversuche.
5,Absolut überzeugend!
5,"Wir haben den ersten Kontakt mit Staubsaugerrobotern bei Freunden gehabt, ein iRobot aus der 500er Serie."
5,"Unsere Freunde waren sehr zufrieden, weshalb ich nach reichlich Internetrecherche mich für den iRobot 780 entschieden habe- auch weil Rückgabe bei Unzufriedenheit bei Amazon kein Problem ist."
5,"Lieferung wie gewohnt schnell( 2 Tage nach Bestellung da), Verpackung sehr gut, Gerät ausgepackt und erst mal über Nacht geladen."
5,"Am nächsten Tag erster Einsatz, in jedem Raum -wie häufig empfohlen- unter Anwesenheitskontrolle."
5,"Wir hatten zuvor gelesen, der iRobot hätte bei dunklen Böden Probleme, er denke, dort sei ein Abgrund..."
5,"Wir haben einen schwarzen Steinfußboden, darauf helle Teppiche- eine Extremsituation für die optischen Sensoren also!"
5,"Ich will mich kurz fassen: Keinerlei Probleme mit den schwarzen Steinen, Übergänge zu Teppichen und zurück ohne Zucken, bremst an Treppenstufen sofort ab, """"donnert"""" auch nicht gegen dunkle Möbel."
5,Die Reinigung: Wir sind ÄUßERST zufrieden.
5,Haben eine Langhaarkatze und bisher einen Miele Cats and Dogs Sauger.
5,Was der kleine iRobot bei jeder Reinigung aufnimmt- als ob wir wochenlang kein Staub gesaugt hätten.
5,"Katzenhaare sind kein Problem, alle weg, er nimmt Blätter bis Birkenblattgröße ohne Probleme mit, die Größe des Auffanggefäßes reicht locker für ca. 80 qm."
5,"Mit den Leuchttürmen ist ein sinnvolles Navigieren in 3 Räumen möglich, so dass iRobot immer noch die Ladebuchse findet- ist auch notwendig."
5,"Leider hält das Akku nicht- wie in einigen Berichten zu lesen- 3 Stunden, sondern nur knapp über 1 h, aber das ist kein Problem: Er fährt zurück und lädt auf, putzt an der gleichen Stelle weiter, wo er vorher aufgehört hatte."
5,"Weiterer Vorteil: Endlich wird es auch unter Betten und Schränken sauber, wenn sie nicht zu tief sind."
5,Bei Kabeln haben wir übrigens keinerlei Störungen bisher( 4 Wochen Gebrauch) erlebt.
5,"Wenn iRobot über ein Kabel fährt, hat er eine Abwicklungsautomatik, die ihn bisher selbst unter dem Bett, wo Lautsprecherkabel, Stromkabel, Verteiler etc. liegen, jedes Mal wieder munter auftauchen läßt."
5,"Reinigung des Gerätes: Ich verstehe diejenigen nicht, die meinen, dies sei kompliziert... "
5,"Täglich wird die Staubschale geleert, 1x die Woche die Bürsten gereinigt."
5,"Dauer Staubschale leeren: 15 sec( inclusive Weg zum Mülleimer), Dauer Bürstenreinigung: ca. 2 min."
5,"Der Beutelwechsel bei dem Miele ist deutlich komplizierter, braucht mehr Zeit, auch wenn er nur alle paar Wochen notwendig ist."
5,"Fazit: Eine rundum gelungene Bereicherung unseres Haushaltes, wir haben uns Freizeit gekauft."
5,"Aufgrund dieser positiven Erfahrungen haben wir beschlossen, im nächsten Frühjahr einen Roboter zum Rasenmähen anzuschaffen..."
5,Eine echte Alternative!
5,Nun habe ich meinen Roomba 780 seit ungefähr einem Monat und bin immer noch restlos begeistert!
5,"Ich hatte mich für den Roomba entschieden, weil er im Gegensatz zu anderen Robotersaugern sehr gründlich ist( jede Stelle wird ca. 4x gesaugt) und er eine automatische Schmutzerkennung( Dirt Detect) hat."
5,"Bei zwei Kleinkindern, die jede Menge Sand und Schmutz ins Haus tragen, war mir das sehr wichtig!"
5,"Dieser Roboterstaubsauger ist bestimmt nicht perfekt, aber das ist der große Staubsauger auch nicht."
5,Unter den Betten und der Couch ist es sauber wie nie!
5,"Es kommt immer mal vor, dass der Roomba irgendwo hängen bleibt, sich einsperrt oder mal Stellen vergisst."
5,"Ich persönlich finde das aber nicht schlimm, dann macht er es halt am nächsten Tag oder muss nacharbeiten."
5,"Er ist leiser als ein normaler Staubsauger, allerdings zu laut um sich permanent im gleichen Raum aufzuhalten."
5,"Allerdings stört es mich nicht, wenn er mir nach dem Frühstück um die Beine fährt und schon mal den Fußboden reinigt, während ich z.B. die Spülmaschine noch schnell aus- und einräume."
5,"Die Lighthouses benutze ich derzeit nicht, bzw. nur mal als virtuelle Wände um etwas abzusperren, weil ich sie wegen der Kinder nicht dauerhaft stehen lassen kann und auch keine Lust habe sie ständig aufzustellen."
5,Es klappt aber auch ohne super.
5,Außerdem kann er um den Leuchtturm herum nicht reinigen und auch an der Ladestation reinigt er tatsächlich nicht.
5,Kann ich aber auch mit leben.
5,Dann nehme ich die Ladestation halt 2 x die Woche hoch und lasse ihn per Fernbedienung da langfahren oder gehe eben mit 'nem Swiffer Staubtuch lang.
5,Das mit dem Swiffer( oder jede beliebige andere Firma) ist übrigens genial!
5,"Mit dem Swiffer Bodenwischer mit einem Staubtuch bezogen, gehe ich 1- 2x die Woche alle Stellen lang, die der Roomba nicht erreicht, z.B. hinter Zimmertüren oder unter niedrigen Schränken."
5,Das geht viel schneller als erst den sperrigen Staubsauger rauszuholen und selbst die Treppe ist damit schnell von Staub und Schmutz befreit.
5,Den großen Staubsauger benutze ich wirklich nur noch um den Roomba sauber zu machen.
5,Man kann übrigens- dank der Absturzsensoren- mit dem Roomba auch auf hohen Schränken( z. B. im Schlafzimmer) sauber machen.
5,"Alles in allem ist so ein Roboterstaubsauger genial, er nimmt mir viel Arbeit ab und der Reinigungsaufwand für das Gerät ist m.E. gering."
5,"Wenn man damit leben kann, dass er nicht perfekt ist und vielleicht nicht alle Stellen erreicht die man mit der Hand erreicht hätte, dafür aber auch anerkennt, dass der Roomba viele Stellen erreicht, die man mit der Hand auch nie erreicht hätte, kann man damit wirklich glücklich werden!"
5,"Ich war jetzt fast eine Woche krank und total froh, dass wenigstens der Roboter die Stellung gehalten hat :-)."
5,Heute ist als Ergänzung zu meinem Roomba der amerikanische Wischroboter Mint Plus( siehe auch Dirt Devil Evo) angekommen.
5,"Ich hoffe, dass ich bald mit der Bodenreinigung fast gar nix mehr am Hut habe."
5,Unser treues Helferlein
5,Habe mir mit der Rezension mal etwas Zeit gelassen.
5,Nun haben wir den Kleinen schon über 2 Jahre und wollen ihn nicht mehr missen.
5,Wer glaubt keine Arbeit mit dem Sauger zu haben täuscht sich aber.
5,Wir sind ein 5 Personenaushalt und der Sauger läuft jeden Morgen um 07:00 Uhr.
5,"Es hat sich bei uns herausgestellt, dass eine wöchentliche Pflege ein Muss ist, d.h.am Wochenende, je nach Wetterlage bzw. Fernsehprogramm, wird er ca. 30min gereinigt."
5,Eine große Hilfe ist ein Nahttrenner( für die ganzen eingewickelten Haare) und eine große Dose Druckluftspray.
5,"Die Reinigung sollte draußen erfolgen, sonst hat man den ganzen Staub wieder in der Wohnung."
5,"Nach einem Jahr habe ich den Sauger komplett zerlegt und gereinigt, das habe ich jetzt 2x gemacht und hat ihm nicht geschadet."
5,"Sollte mal etwas verschüttet werden( z.B. Cola und Co) sollte man sicherstellen, dass alles aufgewischt ist, sonst ist es eine riesige Sauerei."
5,Zwischenzeitlich haben wir die Haupt.-und Eckbürste 2 x und die Gummibürste 1x ersetzt.
5,Vor ca. 3 Wochen fiel uns ein taktendes Geräusch beim Laden auf.
5,"An der Ladestation sind zwei bewegliche Kontakte, diese sollten hin und wieder überprüft werden, bei uns hatte sich einer verklemmt, der Akku ist weiterhin geladen worden, allerdings entwickelte sich am Ladekontakt des Saugers eine große Wärme, der den Kontakt ca. 2-3mm in das Gerät eingedrückt hat."
5,Nach dem der Kontakt wieder einwandfrei Funktioniert war das Geräusch auch wieder weg.
5,"Fazit: Sollte er mal von uns gehen, werden wir kurzfristig einen Nachfolger ordern."
5,Top!!!!!!!
5,Habe mir nach langen Überlegungen diesen Roomba angeschafft.
5,"Habe wirklich schon beim Bestellen gedacht, dass Ich hiermit Geld rauswerfe."
5,Ich habe einen Hund( Labrador) der recht viele Haare verliert....
5,In meiner/unseren neuen Wohnung habe Ich mich für Teppichboden( kurzflorig) entschieden.
5,"Dachte wirklich, Ichgeh einer guten Verkausstrategie auf den Leim- wollte es dennoch versuchen( Ingenieur-Neugiervs. IngenieurSkepsis)"
5,It works!
5,Möchte den Roomba nicht mehr vermissen( nach 30 Tagen!!).
5,"Er saugt die Wohnung während Ich im Büro, beim Fussball, beim Sport, im Cafe oder beim Gassi gehen bin."
5,Und wenn Ich heimkomme ist die Wohnung gesaugt....
5,Für solche Putzmuffel wie Ich( was nicht heisst dass Ich nicht putze- aber Ich kann mir in der Zeit besseres vorstellen ;-)) ist er wirklich eine sinnvolle Haushaltshilfe.
5,"Habe jahrelang ohne Spülmaschine gelebt und von Hand gespült- und genausowenig wie Ich mittlerweile auf meine Spülmaschine verzichten will, möchte Ich meine """"OLGA"""" missen…"
5,P.S. Und mein Labbi stört sich- nach anfänglicher Skepsis- auch gar nicht mehr an der Putzmaschine.... 
5,Er lässt sich sogar anboxen und der Roomba dreht um und fährt weg... ..
5,Superding mit sehr sehr kleinen Fehlerchen
5,Ich habe sehr lange recherchiert bevor ich mir dieses Helferchen zugelegt habe.
5,"Mit zwei großen Hunden, einem Holzofen und Baustelle plus Natur pur vr dem Haus war es mir wichtig etwas sehr stabiles zu haben."
5,Und das ist Roomba in der Tat.
5,"HUndehaare sind überhaupt kein Problem, auch kleiner Steinchen von draußen frist er einfach auf, an dem ein oder andere liegengebliebene Kleidungsstück oder Schnur verscgluckt er sich dann doch aber sobald man ihn befreit hat macht er munter weiter."
5,"Unser Roomba läuft jeden Tag seine Runde, an manchen auch mal zwei auf ca. 60 m²."
5,"Er ist programmiert, sodass er gerade wieder am Laden ist wenn ich nach Hause komme und das ist schon klasse."
5,Es gibt zwei Kleinigkeiten die man nacharbeiten könnte.
5,Zum einen ist das Entfernen des Staubbehälters recht mühsam und zum anderen lässt Roomba immer die gut 30 cm um seine Ladestation oder die mitgelieferten Sperren bzw. Leuchttürme aus.
5,Das sind aber die einzigen Nachteile die ich nach einem halben Jahr benennen könnte.
5,Ich bin gespannt wie lange die Akkus halten.
5,Die Filter sind übrigens auch hervorragend und besser als von jedem anderen Staubsauger den ich je zuvor hatte.
5,Ein absolut empfehlenswertes Gerät das ich nicht mehr missen möchte und dessen unverwüstliche Arbeitsweise sehr überzeugt.
5,Unverzichtbarer Helfer
5,"Wenn mich ein Helferlein überzeugt hat, dann dieses Gerät."
5,Es saugt jeden Tag in unserer Abwesenheit unser Wohnzimmer mit einer Größe von ca. 80 qm plus Küche und Diele( alles Fliesen).
5,"Es ersetzt sicher nicht den klassischen Staubsauger, reduziert aber die Arbeit ungemein."
5,Wir haben eine stark haarende Katze und vom Garten bzw. von der Straße wird auch oft Schmutz mit ins Haus getragen.
5,"Dadurch, dass dass der Staubsaug-Roboter aber jeden Tag durch die Wohnung läuft, sieht man davon kaum etwas."
5,"Angenehm finde ich, dass sich der Roboter programmieren lässt, so dass er i .d.R. während unserer Abwesenheit saugt, denn das Arbeitsgeräuch ist schon recht störend."
5,"Auf die Programmierung kann aber auch verzichtet werden, wenn man den Roboter vor dem Verlassen startet."
5,Ebensowenig benötigen wir die virtuellen Wände.
5,"Die Räume, die er nicht besuchen soll( weil er sich dort z.B. unter Regalen festfahren kann), werden einfach geschlossen."
5,"Wenn man also den Roboter selbst startet und auf die virtuellen Wände verzichtet, spart man auch Einiges, da man sich für ein kleineres Modell entscheiden kann."
1,Schwerste funktionelle Mängel
1,"Das Geräte hat mich so massiv enttäuscht, dass ich in der Folge ein Gerät eines anderen Herstellers gekauft habe und nun nur noch dieses andere Gerät verwende."
1,Die schwersten Mängel sind:
1,#NAME?
1,#NAME?
1,- Usability: Die verschiedensten Funktionen sind nicht intuitiv zu finden bzw über Shortcuts zu erreichen (das ist natürlich nicht die Schuld der Hardware selbst sonder wohl die des Windows Betriebssystems.
1,#NAME?
1,#NAME?
1,Ich hätte gleich etwas mehr Geld ausgeben sollen und mir leistungsstärkeres Gerät mit einem ausgereifteren Betriebssystem zu kaufen.
1,suboptimal
1,"Der mitgelieferte Akku ist, auch bei geringer Verwendung, vergleichsweise schnell leer und muss oft nachgeladen werden. "
1,Die Menüführung finde ich persönlich recht gewöhnungsbedürftig. 
1,Entweder studiert man selbst für banale Funktionen sehr ausgiebig die Bedienungsanleitung oder aber man lernt das Gerät mit teilweise unangenehmen try and error Erfahrungen erst kennen. 
1,"Grundsätzlich ist es bei technischen Geräten kundenfreundlicher, wenn nicht jeder Anbieter andere Bedienerstandards hat. "
1,Ich würde mir das Gerät nicht wieder kaufen.
1,Einmal und nie wieder
1,Anfangs war ich eigentlich positiv von dem Betriebssystem überrascht. 
1,Alles sehr übersichtlich und schick!
1,Ist es auch immernoch!
1,Fotoqualität voll ok und auch die trägheit des Systems ist für den Preis akzeptabel.
1,Aber nach einiger Zeit und gesammelter Erfahrung ärgere ich mich häufig über das Smartphone. 
1,"Das vorinstallierte Navi """"here drive +"""" hängt sich sehr häufig auf bzw. verliert vielleicht das GPS Signal und verbindet nicht mehr automatisch.."
1,"Auf der Autobahn deswegen schonmal die ein oder andere Ausfahrt verpasst, hatte mich irgendwann gewunder, dass sich das Navi nicht mehr gemeldet hat."
1,Und geholfen hat nur der Neustart der App.
1,Auch andere Apps z.B. Whatsapp sind beim Starten direkt abgestürzt und funktionierten erst wieder nach einem kompletten Neustart des Handys…
1,Ob es jetzt an der Hardware und dem niedrigen Preis liegt oder einfach am Windows Betriebssystem..
1,Für mich heißt es: Einmal und nie wieder!
1,Display ist absolute Schwachstelle
1,"Bin leider enttäuscht, vor allem vom Hersteller. "
1,"Ich habe das Handy kaum in gebrauch, da ich es als Zweithandy nutze, trotzdem ist das Display gerissen. "
1,"Runtergefallen ist es mir nicht, daher kommt höchstens die Hosentasche in Frage, wobei ich das Handy vielleicht 2 - 3 mal dabei hatte. "
1,"Jedoch bin ich der Meinung, dass ein Smartphone eine Hosentasche überleben sollte, zumal ich nicht einmal enge Hosen trage."
1,"Natürlich habe ich das Telefon eingeschickt und ja, Reparaturkosten 90€ bei einem Telefonneupreis von ca. 100€...lächerlich. "
1,Diskussion mit w-support erfolglos. 
1,"Zitat """"der Hersteller hat mir nicht nachzuweisen, ob es Eigenverschulden war oder nicht"""". "
1,"Lächerlich...na ja, einmal und nie wieder."
1,"Das Handy lasse ich natürlich nicht reparieren, habe schon genug Geld rausgeschmissen…"
1,Kontakte nur online - geht gar nicht!!!
1,...von firmenwegen ein Smartphone bekommen.
1,"Keine Ansprüche gestellt, da ich bislang auch ohne gut leben konnte."
1,"Einzig ein dual-SIM sollte es sein, damit ich nicht zwei Handys mit mir rumschleppen muss."
1,Erhalten habe ich das Nokia Lumia 630.
1,"Funktioniert soweit okay: Telefonieren, SMS wie gehabt."
1,Email-Abruf unterwegs ist auch okay.
1,"Sehr schön ist die Navi-Funktion, auch wenn man regelmässig checken muss, ob sich die App nicht aufgehangen hat."
1,"Was kaum funktioniert ist der App-Download, hier kommen immer wieder kryptische Fehlermeldungen."
1,"Aber mehr als zwei/drei Apps braucht's eh nicht, so dass ich hierfür immer mal wieder probiert habe, bis ich sie hatte (DB-Auskunft, Wetter...)"
1,Soweit so gut ... oder schlecht . 
1,"Ohne Alternative zu kennen und ohne Ansprüche zu haben, bin ich leidlich begeistert und leidlich enttäuscht."
1,ABER: Kontakte können nur online gespeichert und verwaltet werden!
1,Vorgegeben ist ein Microsoft-Konto - Alternativen lassen sich aber einrichten (google o.ä.)
1,Doch ich möchte meine privaten Daten/Adressen der Familie und Freunde nicht bei irgendwem in eine obskure Wolke legen!
1,"Wo unklar ist, wer außer mir noch darauf zugreift. "
1,"Egal ob bei Microsoft, Apple, Google oder irgendeine chinesische Staatsfirma"
1,"Kontakte können weder auf dem Smartphone selbst, noch auf der SIM-Karte noch auf der Speicherkarte abgespeichert werden."
1,Steht auch so in der Betriebsanleitung (S. 59 und 61 siehe download.support.nokia.com/ncss/PUBLIC/de_DE/webpdf/100000354991/Lumia_630_Dual_SIM_UG_de_DE.pdf)!!!
1,"Abgesehen davon, dass ich bei fehlendem Netz keinen Zugriff auf die Adressen habe (die braucht man ja nicht nur zum telefonieren), finde ich es eine Unverschämtheit, grundsätzlich zu verlangen, dass man seine private Adressammlung irgendeiner Firma preisgeben muss, nur um das Adressbuch seines Handy nutzen zu können!!!!"
1,VÖLLIG INAKZEPTAL.
1,"So bleibt trotz dual-SIM-Funktion des Nokia Lumia 630 doch nur die Variante, zwei Handys mit mir rumzuschleppen."
1,Softwarefehler
1,Habe mir vor ein paar Tagen das Windows Update runtergeladen. 
1,Seitdem funktioniert die Software nicht mehr. 
1,Es bleibt mehrmals am Tag hängen und muss es deshalb aus und wieder einschlaten. 
1,Hab das Handy erst seit 5 Monaten. 
1,Das ist ziehmlich enttäuschend!
1,"Ein weiterer Minuspunkt ist, dass Windows fast keine Apps anbietet. "
1,"Ein paar für mich sehr wichtige Apps fehlen im Store (Soundcloud, Ebay Kleinanzeigen, Best Secret...). "
1,Ich würde es mir auf keinen Fall ein zweites Mal kaufen. 
1,Nächstes mal doch lieber wieder ein Android oder Ein Apple.
1,Nichts gelernt
1,"Nachdem ich vor Jahren schon einmal mit einem Windowsphone (HTC) auf die Nase gefallen bin, gab ich diesem trotzdem noch einmal eine Chance (wobei ich vor Jahren beschloss: Nie wieder!). "
1,"Bei einem Windowsphone muss der Nutzer auf jeden Fall wissen, was er damit anstellen will. "
1,"Sind Spiele, haufenweise Apps u. ä. gewünscht, so bieten sich andere Varianten (Android, etc.) eher an. "
1,"Die Anzahl der Apps ist bei einem Windowsphone noch begrenzt, was mir egal war, da ich das Smartphone nur beruflich benötige."
1,Dann die Lieferung und siehe da... Deja-vu. 
1,Etwas besser als der erste Versuch von Microsoft mit einem Handy an den Markt zu gehen aber nicht wirklich. 
1,Allgemein bleibt festzustellen: 
1,#NAME?
1,#NAME?
1,- Sync. mit Outlook (und das war mir wichtig!) wieder einmal nur über Umwege möglich (was soll das????). 
1,"So kann ich auch mit Android, Apple und Konsorten syncen"
1,#NAME?
1,#NAME?
1,Fazit: Ich hatte mir dieses Smartphone rein aus beruflichen Gründen und gerade im Hinblick auf MS Office Anwendungen gekauft und wurde erneut enttäuscht. 
1,Unter diesen Bedingungen für mich einfach nicht nutzbar. 
1,Ggf. wäre das was für Kinder / Jugendliche als erstes Handy. 
1,Aber dann wiederrum müsste das Betriebssystem für diese Zielgruppe viel mehr liefern und das tut es auch nicht.
1,Kein Nokia mehr sondern nur noch Windows Schrott
1,Ich hatte vor 2 Jahren bereits ein Windows Smartphone von Nokia. 
1,Dieses hat auch genau so funktioniert wie es sollte nämlich auch mit Synchronisation aller Daten über USB.
1,Das 630 funktioniert leider scheinbar nur noch mit allen Punkten welche nichts mehr mit dem Telefonieren und Office zu tun haben.
1,Bei der Installation wird der Treiber RM-976 gleich 3-mal nicht gefunden. 
1,"Und es ist nur noch die Synchronisation über Kabel von Musik, Videos und den ganzen Spielereien möglich. "
1,Eine Synchronisation über Kabel von Outlook oder anderen Office Dateien wird weder von Zune noch von Windows Phone unterstützt.
1,"Da ich kein Windows-Phone gebrauchen kann welches nur Schnickschnack unterstützt, keine vernünftige Treiberunterstützung hat und wesentliche Inhalte nicht mehr über Kabel synchronisiert gehe ich wieder zurück zu meinem Nokia Asha 300 welches diese Synchronisation konnte. "
1,Das 630 geht zurück und ist definitiv das letzte Smartphone welches ich von Microsoft gekauft habe da Microsoft als Hersteller noch nicht einmal in der Lage ist einen funktionierenden Treiber zur Verfügung zu stellen.
3,Wenns mal funktioniert ist es wahrscheinlich ein gutes Hany zum kleinen Preis
3,Gefällt mir eigentlich ganz gut. 
3,Windows-Handys haben spektakuläre Vorteile wie z.B. das kostenlose Navigationssystem Here (auch offline) und das Mixed-Radio wo man den ganzen Tag kostenlos Musik aus verschiedenen Top-Kategorien hören kann. 
3,Ließ sich auch leicht einrichten und fühlte sich in der Hand gut an. 
3,Leider stellte es seine Funktion immer mal wieder ein so dass ein Neustart erforderlich wurde. 
3,Das Handy ist jetzt zum zweiten Mal beim Service.
3,Ich bin etwas entnervt. 
3,"Ich meine, dass die Funktionsfähigkeit bei einem Gerät immer an erster Stelle stehen müsste."
3,"Ich weiß nicht, ob dass nur mein Gerät betrifft oder ein generelles Problem ist. "
3,Deshalb der Kompromiss: Drei Sterne
3,Lumia Smartphone
NA,Wegen jahrelanger Erfahrungen mit Windows-Betriebssystemen als Alternativ-Gerät
3,angeschafft !
3,aber auch erkennen!
3,Ein Gerät schon am 2.Tag ausgefallen Sim-Karten wurden nicht mehr eingelesen.
3,Der Nokia-Service ist nie erreichbar !!! 
3,Hier müßte MS dringend und schnell handeln !!!
3,Diese Problematik kann natürlich nicht AMAZON angelastet werden.
3,Gerät daher gegen Erstattung des Kaufpreises zurückgeschickt.
3,Zufriedenheit mit Nokia/Microsoft Lumia 630
3,"Als Alternative zu Apple I-Phone, Samsung S-Serie, Huawai und Gefolge habe ich mich auch aus Preisgründen für das Nokia/Microsoft Lumia-Smartphone entschieden. "
3,"Da ich dem gegenüber die Vorzüge der erstgenannten Hersteller nicht kenne, kann ich nur sagen, dass das Lumia meinen Vorstellungen durchaus entspricht und ich damit bestens versorgt bin."
3,"An sich gut, Display enttäuschend"
3,"Das Gerät ist an sich nicht schlecht, großes Manko ist aber das Display. "
3,"Es verschmiert sehr schnell und wird 'krustig', was dazu führt, dass Berührungen nicht mehr korrekt oder gar nicht mehr erkannt werden. "
3,Leider ist das auch (wie ich es von Samsung- und HTC-Geräten kannte) nicht durch kurzes Reiben an der Hose zu beheben. 
3,Gerade nach dem Telefonieren ist es ein Kampf das Display wieder funktionsfähig zu bekommen.
3,Ein Tipp hierfür sind feuchte Brillenputztücher. 
3,Damit bekommt man das Problem kurzzeitig in den Griff.
3,"Der ein oder andere mag eine 3-Sterne-Rezension wegen 'nur' eines Kritikpunktes hart finden, ich allerdings finde diesen Punkt absolut essentiell, da ich ohne einen zuverlässig funktionierenden Touchscreen nicht problemlos mit dem Gerät umgehen kann."
3,Kleine Stolpersteine wie den ziemlich übersichtlichen App-Store und die gewöhnungsbedürftige Menüführung habe ich mit dem Umstieg auf Windows in Kauf genommen und bereue die Entscheidung auch nicht.
3,Eine Empfehlung für dieses Gerät kann ich wegen des enttäuschenden Displays allerdings noch geben.
3,"alles super, ausser"
3,"Wie von vielen anderen bereits erwähnt, ein super Betriebssystem und eine sehr gute Navigation mit Nokia here. "
3,Ich habe aber... mit Gerätehardwareproblemen zu kämpfen. 
3,Zuerst hat sich mein Powerbutten (Haupteinschaltknopf) grundlos verabschiedet. 
3,"Dies wurde auf Garantie repariert, seitdem wird aber meine Speicherkarte nicht mehr erkannt.... "
3,Habe keine Lust das Teil nochmals einzuschicken und werde Nokia/Microsoft noch eine 2. Chance geben und mir das 640 Dual SIM kaufen... 
3,"Hoffe dass ich dort weniger Hardwareprobleme haben werde, und habe dann gleichzeitig einen etwas grösseren Bildschirm und eine 8 MP Kamera.."
3,Hatte noch vergessen zu sagen dass der GPS-Empfang während der Navigation jetzt schon öfter Aussetzer hatter. 
3,"Da muss man das Handy aus und wieder einschalten damit es wieder läuft, auch recht ärgerlich…"
3,Probleme bei Apps
3,Der Preis für das Handy stimmt in großen und ganzen. 
3,Nur ist es leider so das einige Apps auf dem Handy nicht oder nur eingeschränkt funktioniert.
3,Solala
3,Ich hab ganz dringend ein Handy gebrauch.
3,Hab in der Werbung das Handy entdeckt und war so begeistern davon das ich es mur direkt bestellt habe
3,Es ist ein Windows Phone und das komplette Gegenteil von Android. 
3,Was ich richtig schade finde ist das das Handy kein Licht und keine frontkamera hat also Selfie's konnte ich vergessen. 
3,"Zudem sind die App's nicht so dolle, da ich sowieso kein App Spielerin bin hat nicht weiter gestört."
3,Das Handy ist verständlich und liegt gut in der Hand.
3,Ich würde das Handy jeden empfehlen die nicht viel wert auf die apps und Kamera legen.
3,Leider fehlen einige Features welche sonst üblicher Standard sind
3,"Das Handy funktioniert gut und tut, was es eigentlich soll."
3,"Leider habe ich mir nicht genauer die Spezifikationen angesehen, denn leider fehlt die Frontkamera, und was noch viel schlimmer ist, ein Blitz bzw. LED Flash, was die Kamera bei Innenaufnahmen nahezu unbrauchbar macht."
3,Genügt
3,Ich bin vom iPhone 4 auf dieses Lumia 630 umgestiegen. 
3,"Ich wollte nicht mehr so """"durchsichtig"""" sein für Apple. "
3,"Bei Windows musste ich mich noch nicht anmelden, da ich im Store noch nichts kaufen wollte."
3,Das Lumia ist mir schon sehr oft aus der Hand gefallen und funktioniert immernoch tadellos. 
3,Ein iPhone wäre da bestimmt schon kaputt gegangen. 
3,"Es sind zwei kleine Ecken abgesplittert, aber mich stört das gar nicht. "
3,Hauptsache es läuft noch.
3,"Blöd ist nur, dass die Abdeckung direkt abgeht und der Akku rausfällt."
3,"Auch ein großer Nachteil ist, dass es kaum Apps im Windows Store gibt. "
3,"Die wichtigsten, also Facebook und Whatsapp sind vorhanden. "
3,"Aber viele Apps, vor allem die aus der Werbung, gibt es für das Windows Phone leider nicht."
3,"Surfen ist auch nicht so angenehm mit dem Lumia, vor allem GIFs lassen sich sehr schlecht abspielen, egal ob WLAN oder 3G."
3,"Alles im allem reicht es, wenn man wirklich nur Schreiben, Telefonieren und ein paar Schnappschüsse machen möchte."
3,"Für Leute, die gerne viel im Internet surfen würde ich es nicht empfehlen."
3,Der Preis ist natürlich unschlagbar für ein nagelneues Handy.
3,Bestimmt nicht schlecht…
3,...aber ich bin Smartphone Neuling. 
3,"Ich dachte gut und günstig, da kann ich nichts falsch machen. "
3,Als ich es dann in Händen hatte vielen mir einige Punkte negativ auf. 
3,"Zum einen wird dem 4,5""""-Display an Größe genommen, weil die Funktionstasten auf dem Display dargestellt werden. "
3,Dann der fehlende Helligkeitssensor des Bildschirms. 
3,Und der fehlende Blitz.
3,Ich habe mir daraufhin das Lumia 625 geholt und bin damit sehr zufrieden.
3,Es hapert an den einfachsten Dingen
3,"Obwohl ich das Konzept von Windows Phone als ansprechend empfinde und durchaus zu schätzen weiß, handelt sich bei dem Handy um mein ersten Nokia mit diesem Betriebssystem. "
3,"Ich nutze das Handy hauptsächlich für seine Grundfunktionen und einige wenige Apps (Messanger, Sporttracker, ...)."
3,"Für meinen Nutzungsverhalten schien mir das System ein super Mittelweg aus der Freiheit von Android und der Einfachheit von Apple, doch gerade an letzterem Punkt scheitert es in meinen Augen. "
3,Wie kann ein Handy heutzutage ohne die kleinste Möglichkeit der Schnelleinstellung auskommen? 
3,"GPS ausstellen, wenn man wert auf Privatssphäre legt, geht nicht! "
3,"Ansteigenden Klingelton festlegen, unmöglich! "
3,"Handy lautlos stellen wenn es ins Meeting geht, nur über das Menü!"
3,Und das Menü selbst ist in meinen Augen eine Frechheit. 
3,"Die Funktionen sind in eine Vielzahl an Unterpunkte gegliedert, welche teilweise nur einer einzigen Funktion dienen. "
3,"Beispielsweise gibt es den Punkt """"Audio"""" welcher aussschließlich die Funktion an-/ausschaltet, das Gerät beim Umdrehen stumm zu schalten. "
3,"Wieso ist dies nicht unter """"Sounds"""" ?"
3,"Kurz gesagt, Microsoft ist auf einem guten Weg. "
3,"Aber solange es an solch essentiellen Dingen mangelt, welche jeder Nutzer benötigt, können die Apps und Funktionen nicht darüber hinwegtäuschen, dass es (noch) ein zweite Klasse Betriebssystem ist."
5,Lumia immer wieder
5,"ein schickes Smartphone, es sieht total schick aus, liegt gut in der Hand und hat eine tolle Größe."
5,die Displayauflösung ist prima. 
5,insgesamt ein Top Handy.
5,die Umstellung von einem Android Handy vorher ging problemlos.
5,"Klein, Günstig aber keineswegs Schrott! Klasse Smartphone"
5,Zum Nokia Lumia 630 Single Sim 8 Gb.
5,Im Gegenteil. 
5,"Sicherlich fehlt das ein oder andere an diesen Handy, Benachrichtigungs-LED oder einen Blitz für die Kamera, auch eine Frontkamera für Selvis ist nicht zu finden, dennoch, es ist ein Smartphone für unter 100 Euro und rennt gut und stabil."
5,Die klangqualität der Ohrmuschel ist absolut in Ordnung. 
5,Videos laufen sauber und auch whatsapp ist in appstore zu finden. 
5,Am geilsten finde ich die Here Drive Navigation welche kostenfrei mitgeliefert wird. 
5,Auch Windows als software ist insgesamt schick mit ihrer Kacheloptik. 
5,"Nicht zu viel schnickschnack, übersichtlich und einfach gehalten, so könnte man die Software beschreiben. "
5,Ich bin dann wohl endgültig von Android geheilt auch wenn Windows appstore relativ wenig apps zu Verfügung stellt (mich stört es nicht.) 
5,Einziges Kontra: Es hat sehr glatte Flächen und rutscht ohne passende Hülle garantiert aus der Hand. 
5,Aber o.k. das erlebt man auch bei teuren Geräten wie mein Sony xperia z3.
5,Gutes Telefon zum unschlagbaren Preis
5,"Ich habe, nachdem mein Samsung den Geist aufgab, ein preisgünstiges und gleichzeitig recht einfach zu verstehendes Handy gesucht und da ich früher gute Erfahrungen mit NOKIA gemacht habe, habe ich hier zugeschlagen."
5,Die Einstellungen sind recht schnell gemacht. 
5,"Zu Beginn hatte ich das Problem, dass die PIN sehr oft verlangt wurde - sprich das Handy sich abgeschaltet hat. "
5,"Problem war, dass ein Software-Update verlangt wurde. "
5,"Ohne dieses Update kam es ständig zu diesen """"Abstürzen"""". "
5,"Also, wer das Problem hat, bitte auf """"Einstellungen"""" und dann auf """"Handyupdate"""" gehen. "
5,Damit konnte ich mein Problem beheben - ich war kurz davor es als defekt zurückzuschicken.
5,"Seitdem, also seit gut eineinhalb Wochen bin ich hochzufrieden mit dem Telefon. "
5,"Der Akku hält recht lange, auch bei Ausflügen ins Internet."
5,"Für diesen Preis ein fast unschlagbar gutes Telefon, klare Kaufempfehlung."
5,"Telefon top, Begeisterung über Windows 8.1"
5,Hier bekommt man für sein Geld tatsächlich nochmal mehr als man erwarten darf! 
5,"Telefon äußerst performant, bisher keine Hakler festgestellt. "
5,"Hatte vorher ein Huawei P7 mit deutlich besseren verbauten Teilen, aber so performant war das nicht. "
5,"Display in Ordnung und nicht zu groß, die 5"""" Telefone, die ich vorher hatte, sind selbst für großhändige Menschen wie mich kaum zu bedienen. "
5,"Sound ist ausbaufähig, aber da wäre ich bei den Möglichkeiten, die ein Smartphne nun mal hat, eh immer unzufrieden. "
5,"Kamera ist in Ordnung, leider kein Blitz."
5,Positiv überrascht mich Windows 8.1. 
5,"Letztlich ist ja alles Geschmackssache, aber ich kann nicht nachvollziehen, weshalb Android immer noch die Vormachtstellung auf dem Markt hat. "
5,"Das Handling ist äußerst intuitiv, die Einstellungen sind schnell gemacht, die Einrichtung allen Diensten ist unkompliziert und durch Assisten allerbestens gesteuert."
5,"Die Apps im Store haben inzwischen auch einen Umfang erreicht, der für mich völlig ausreichend ist."
5,"Ich habe alle gängigen Apps gefunden, die Installation verläuft problemlos."
5,"Sehr gut: Gleich bei der Einrichtung wird man gefragt, ob die SD-Karte (nicht im Lieferumfang) als Standardspeicher verwendet werden soll. "
5,"Wenn man das bestätigt, fallen auch die insgesamt vielleicht etwas knapp bemessenen 8 GB Speicher nicht mehr ins Gewicht."
5,"Einige Apps lassen zwar eine Installation auf der SD-Karte nicht zu, aber ein bisschen was passt ja auch noch auf den internen Speicher."
5,Fazit: 
5,"a) Der Übergang von Android auf 8.1 viel mir extrem leicht, also bitte nicht abschrecken lassen von Leuten, die hier schreiben, dass sie mit dem Betriebssystem nicht zurecht kommen."
5,b) performantes Handy für vergleichsweise wenig Geld
5,"c) Schwächen bei Sound und Kamera (kein Blitz), muss man aber im Verhältnis zum Preis sehen"
5,Smartphone
5,Dies ist mein erstes Nokia Smartphone und ich bin äußerst zufrieden. 
5,Das Display ist sehr übersichtlich und lässt sich sehr gut bedienen. 
5,Schnell ist alles eingerichtet und wird auch gut erklärt. 
5,"Das mitgelieferte Kabel ist sehr lang, so dass man beim Aufladen das Handy problemlos benutzen kann. "
5,Ich bin rundum zufrieden und kann es nur weiterempfehlen. 
5,Ganz besonders gefällt mir die tolle Übersicht auf dem Handy. 
5,"Das was ich ständig in Gebrauch habe, ist sofort sichtbar. "
5,Toll
5,Nokia Lumia 630 genau richtig für mich!
5,Das Lumia 630 ist für mich genau richtig! 
5,"Da ich schon etwas älteres Semester bin ,habe ich ein einfacheres zu Bediendendes Smartphone gesucht, bis 100 Euro sollte es in etwa kosten."
5,Schön das es noch Preiswerter ist.
5,Mein Sohn hatte mir zu diesem Smartphone geraten und mir inzwischen auch die Funktionen erklärt.
5,Eigentlich alles schön übersichtlich.
5,Ich habe den Kauf nicht bereut.
5,"Der Bildschirm ist schön groß,gut leserlich Der Klang ist auch in Ordnung."
5,"und dafür das nicht so viel Ram verbaut ist,ist das Lumia 630 recht flüssig ."
5,"Positiv ist auch ,dass der Akku austauschbar ist."
5,"Nun muss mir nur noch die passenden Kopfhörer besorgen,da meine alten Kopfhörer nicht für das Lumia 630 kompatible sind. "
5,"Was auch noch erwähnenswert wäre,dass ist die wirklich schnelle Zusendung und gute Verpackung von Amazon."
5,Bis jetzt bin ich jedenfalls restlos zufrieden.
5,Eigtl. schlecht - und doch liebe ich es
5,"Hachja, Lumia 630."
5,"Schlechte Kamera, nicht viel Leistung, keine Frontkamera, der App-Store ist Müll, Apps laufen nicht richtig, ...."
5,Und trotzdem: Es war mein liebstes Smartphone.
5,"Zuvor hatte ich ein HTC Desire Z, ein HTC One M7 und beruflich (nur zum Telefonieren) ein iPhone 4 und 4s."
5,Der Umschwung aufs Lumia: Zuerst an die Optik gewöhnen.
5,Sieht ja schon arg anders aus.
5,Nach 2 bis 3 Tagen habe ich mich daran gewöhnt und in das Gerät verliebt.
5,Gekauft hatte ich es hauptsächlich zum Telefonieren und dem Akku. 
5,Und genau hier siegt das Gerät auf ganzer Linie: Typisch Nokia eben.
5,"Ein weiterer Vorteil, der mir (leider) erst jetzt bewusst wurde: Nokia, Erfinder von T9. "
5,Die Tastatur und Autokorrektur funktionierte wunderbar - und ich vermisse dies etwas.
5,Ich habe das Lumia vor wenigen Tagen gegen ein iPhone 6 Plus getauscht.
5,"Da ich als Unternehmer in der Werbebranche oft doch mal Dinge fotografieren muss, sollte also etwas in der Richtung her. "
5,Zudem nutze ich iMacs und die iCloud. 
5,Sonst hätte ich mir einfach ein anderes Lumia gekauft.
5,Zu 99 % richte ich meine Käufe an Testberichten und Bestenlisten - nur dieses Mal nicht. 
5,Daher habe ich das iPhone wieder abgegeben und mir den Testsieger zugelegt: Samsung Galaxy S6.
5,Und nun vermisse ich noch immer mein Lumia…
5,"Sobald Microsoft Googles App-Store freigibt, steige ich direkt wieder um auf Lumia!"
1,große(!) Enttäuschung!
1,Bin frustriert von Apple vom iPhone auf Samsung umgestiegen.
1,Die Wahl viel aufgrund der Bewertungen und meinem persönlichen Eindruck auf das Galaxy S5.
1,Ich benutze es nun schon seit ein paar Monaten und die Frustration und Enttäuschung steigt weiter an.
1,"Einfach Apps( Ebay Kleinanzeigen, diverse Spiele) hängen sehr oft, stürzen einfach mittendrin ab oder starten extrem langsam( im Vergleich zum iPhone 5 jedenfalls)."
1,"In diesem Zusammenhang nervt es extrem, dass beim Drücken des """"Home-Buttons""""( und wehe, man drückt diese zu lange oder kommt in Versuchung, ihn zwei Mal zu betätigen, weil eine App sich weigert zu reagieren), sich sofort die merkwürdige Anwendung """"S Voice"""" öffnet, welche man dann auch gleich wieder abschießen darf."
1,"Das Smartphone wird sehr warm, auch bei mäßiger Beanspruchung."
1,"Inzwischen habe ich dauerhaft energiesparende Einstellungen drin, da der Akku nicht wirklich lange hält, was der Leistung natürlich nicht gerade gut tut ..."
1,"An die Größe des Gerätes kann man sich gewöhnen und ist in Ordnung, die Knöpfe und Bedienung an sich( wenn es denn grade funktioniert) sind auch eingängig ... ich frage mich nun, ob die auffällig schlechte Performance am Gerät selbst, oder am Betriebssystem( Android 5) liegt."
1,Ich bereue es inzwischen immer öfter von Apple umgestiegen zu sein und überlege das Gerät wieder zu verkaufen.
1,Tolles Innenleben aber .......
1,"Die Verarbeitung ist echt peinlich ,."
1,Ich bin Samsung Fan erster Stunde.
1,Zumindest die Galaxy Reihe betreffend.
1,S1- S4..
1,"Wo ich mit dem S4 schon nicht mehr so zufrieden war, setzt Samsung meiner Meinung nach noch eins drauf."
1,"Keine Frage, es ist ein Top Gerät."
1,ABER !!! 
1,Ich dachte die Rückseite ist schlimm ... bis ich den übelst billigen Metall- lackierten Plastikrahmen sah.
1,Bisher wusste man nie genau ob es Metall oder doch Plastik ist.
1,Jetzt sticht es einem sofort ins Auge.
1,Es sieht wirklich schlecht verarbeitet aus.
1,Zudem es nicht lange dauern dürfte bis eben genau diese Lackierung wie bei den Vorgängern abplatzt.
1,Ich möchte gar nicht mehr über Design schreiben.
1,Dieses ist Geschmackssache !!!
1,Bekommt man doch für ca. 450 Euro ein Topgerät von Sony( xperia z1) aus gebürsteten Aluminium mit bester Leistung und noch stärkerem Akku.
1,Dieses im Vergleich einfach mal in der Hand zu halten( oder das HTC One M8) verdeutlicht den Unterschied.
1,Das möchte ich jedem Käufer vorher raten bevor er sich blind auf das S5 verlässt.
1,Samsungs Ausstieg aus der Handysparte
1,Was hat sich Samsung mit dieser Pflasterdose denn gedacht.
1,Wieder mal hat das große Warten auf ein neues Spitzenprodukt nur Entäuschung gebracht.
1,Dagegen ist das S4 ja noch um Welten besser!
1,Samsung hat seine Hausaufgaben wieder nicht gemacht.
1,"Wieder nur Plaste, kein UKW Radio ..."
1,"Statt dessen ist es noch größer, schwerer, noch mehr Rahmen, noch mehr unausgereifte Funktionen die kein Mensch braucht, noch mehr aufgezwungene Apps, noch teurer, noch hässlicher ..."
1,Seit dem S3 keine erkennbare Vorteile mehr!
1,Andere Handyriesen haben sich zuvor genau so ins Aus geschossen.
1,Wie lange machen dass die Samsungkäufer noch mit?
1,Auf jeden Fall ist das S4 für nicht mal die Hälfte die bessere Alternative!
1,Schade Samsung!
1,Vielleicht klappts beim S10.
1,Was für ein Reinfall
1,Billiger Plastikschrott für sehr viel Geld!
1,"Ich habe schon das S2 und das S3 benutzt und muss wirklich sagen, dass dieses S5 das schlechteste Handy ist, was ich je hatte."
1,Derzeit wird es nach nur 5 Wochen Benutzung bei E.ay verkauft.
1,Ich bin froh wenn ich das Ding wieder los bin.
1,Folgende Negativpunkte kritisiere ich: Das Display ist relativ unempfindlich was Berührungen betrifft.
1,"Im Klartext: Wenn jemand anruft, kann man nur hoffen das man den Anruf annehmen kann."
1,Oft streicht man vergebens über das Display.
1,"Denn es erkennt einfach nicht, dass man den Anruf annehmen möchte."
1,"Wenn man den Finger vorher etwas anfeuchtet( ihn anleckt), funktioniert es zwar besser, aber auch nicht 100 %ig."
1,Das ganze Gehäuse dieses Handy's ist einfach nur billiger Plastikschrott.
1,Absolut nicht wertig genug für diesen Kaufpreis.
1,Einige Softwarefehler hat es auch.
1,"Apps können zeitweise nicht aktualisiert werden, das Gerät schaltet sich hin und wieder ab und trotz Sperrbildschirm ruft es beliebige Menschen an, obwohl es sich in der Hosentasche befindet."
1,"Nee nee Samsung, dass ist ne schwache Leistung."
1,zu viele K.o.-Kriterien
1,"Ist optisch nicht meins, mag auch keine Amoled Displays( zumindest nicht die die Samsung bisher verbaut hat)."
1,"Regio Lock ist ein k .o. Kriterium für mich, ebenso die Massen an nicht deinstallierbarer Bloatware und die TouchWizz UI."
1,"Wen das nicht stört, bitte aber für mich persönlich( und eine Rezension ist ja nunmal rein subjektiv) kommt Samsung erstmal nicht in Frage."
1,Leider nicht so gut wie erhofft
1,bin leider ein wenig enttäuscht.
1,#NAME?
1,- frontkamera nicht so gut wie erwartet .. eher sehr verpixelt
1,#NAME?
1,- abdeckung vom usb anschluss ist ein witz !!! 
1,Ist nur eine frage der zeit bis die abdeckung kaputt geht
1,Android L
1,"Die Firmwares sind ein schlechter Scherz, kurz gesagt."
1,"Bei einem Handy mit 10(!) GHz CPU erwarte ich mir, dass alles flüssig läuft."
1,"Kommentare wie """"Haben Sie die Engeriesparfunktion ein ?"""" könnt ihr euch sparen, denn das Teil läuft auch ohne so was von schlecht."
1,Auch regelmäßige Reboots schaffen keine Abhilfe.
1,"Das Phone ist voll mit Bloatware, die ohnehin niemand benötigt."
1,"Anstatt dem Touchwizzeugs, wäre ich froh darüber, einfach nur Standard-Android verwenden zu können."
1,Aber nein- so läuft das ja nicht.
1,"Nachdem mit einigen Monaten Verspätung jetzt Android L auf das S5 portiert wurde, war ich erstmal gespannt auf die neue Oberfläche."
1,Das Design finde ich wirklich sehr ansprechend.
1,"Das Problem dabei ist, das Samsung wieder einmal die Firmware verpfuscht hat."
1,"Das nervigste ist die Performance: schon direkt nach der Installation des Updates ist mir aufgefallen, dass das Handy beim Installieren von Updates aus dem Playstore schonmal ziemlich lang benötigt hat, und dabei auch noch ziemlich heiß geworden ist."
1,"Wie das bei der Hardware und den 10MB Apps möglich ist, ist mir ein Rätsel."
1,"So schön die neue Oberfläche auch ist, kommt nur wenig Freude dabei auf, wenn die Notificationbar erstmal herunterruckelt, und WhatsApp erstmal 3s nach Berührung der Notification öffnet."
1,Am sinnvollsten bei Android L finde ich die Multiuser- und Pin-to-lock-funktion.
1,Aber bei Samsung ja Fehlanzeige- die hat man erstmal weggelassen.
1,"Mit Sicherheit das letzte Samsungphone, dass ich mir hole."
3,Ein großes Verarbeitungsproblem bei dieser Variante
3,"Im Grunde erfüllt das Handy alles was angepriesen wird: gute Leistung, gutes Display, jede Menge Features …"
3,"Funktioniert auch alles tadellos, ausführlichste Testberichte findet man z.B. auf Areamobilde, deshalb gehe ich hier jetzt nicht auf jedes Detail ein. "
3,Es gibt allerdings ein riesen Problem: Der Rand des Handys ist mit einem Aluminiumlack überzogen.
3,"Dieser fängt bei mir bereits nach drei Monaten an an allen Ecken und Öffnungen (Mikrophon, Ladebuchse, USB-Deckel usw) an abzubröckeln und darunter kommt dann das mattweiße Plastik zum Vorschein. "
3,"Das hat zwar auf die Funktion keinen Einfluss, aber es sieht halt dann nach einer Weile schon extrem unschön aus und das ist meiner Meinung nach bei einem Gerät dieser Preisklasse nicht in Ordnung. "
3,"Wer also vorhat das Handy ohnehin in ein Case zu packen, der kann dieses Abnutzungsproblem getrost ignorieren, ansonsten würde ich vom Kauf abraten und eher ein S4 (im Prinzip fast die selben Leistungsdaten und zudem viel leichtgewichtiger und schmaler) oder S6 (deutlich bessere Verarbeitung mit höherwertigen Materialien) empfehlen."
3,Samsung S 5
3,"Leider entspricht das Smartphone überhaupt nicht meinen Erwartungen, es ist viel zu empfindlich, nur in die Nähe gekommen, öffnet sich eine völlig andere Seite als die, die man wollte. "
3,Nie wieder Samsung. 
3,Ansonsten sind die Funktionen gut.
3,"Eigentlich ganz gut, aber nicht lange.."
3,Besitze das Galaxy S5 seit Anfang 2015. 
3,Es funktionierte bisher gut und ich war rund um zufrieden. 
3,Aber seit 1-2 Wochen können mich meine Anrufpartner nurnoch schwer bis garnicht verstehen und das ist nach nicht mal 8Mobaten gebrauch schon mehr als schlecht. 
3,Trotz Whatsapp und Co. ist die Hauptfunktion doch das Telefonieren.
3,Deswegen nur 3 Sterne!
3,Leider ein defektes Gerät erwischt
3,"Ich habe mich für dieses Smartphone entschieden, weil ich es aus meinem Bekanntenkreis schon kenne. "
3,Leider hatte ich das Pech ein defektes Gerät erwischt zu haben. 
3,"Kamera funktionierte nur fehlerhaft und wenn sie funktionierte, konnte man sich due Bilder in der Galerie nicht anschauen (nur in der Kamerafunktion)."
3,Deshalb erstmal zurückgeschickt. 
3,Werde es aber nochmal kaufen.
3,Ein modernes Mobiltelefon mit Mängeln
3,Das Samsung S5 war eine Zeit lang angeblich das beste Smartphone. 
3,"Es ist schnell, hat einen sehr guten Bildschirm und bietet viele Möglichkeiten an. "
3,"Die Qualität der Fotos ist allerdings, trotz angeblich toller Auflösung, wenn der Autofokus mal funktioniert, befriedigend bis mäßig. "
3,Der Autofokus scheint das schwächste an der Kamera zu sein. 
3,Selbst das alte S2 ist und war zuverlässiger. 
3,Kein wirklicher Fortschritt.
3,Erfüllt seine Anforderungen
3,"Bin von einem Samsung Galaxy SII auf das S5 umgestiegen, da ich mittlerweile einen LTE-Vertrag habe und diese Leistung auch mit einem fähigen Gerät nutzen möchte. "
3,Generell bin ich sehr zufrieden - allerdings ist nach 2 Wochen Nutzung schon die Kunststoffabdeckung für den Kabeleingang abgebrochen... 
3,Lächerlich diese Plastik-Konstruktion eines Stäbchens mit Mini-Gummi-Schnur…
3,Gutes Gerät mit Schwächen
3,Das Handy ist eine logische Weiterentwicklung des S4. 
3,Gute Verarbeitung und gute Software. 
3,"Abzüge gibt es wegen des Fingerabdruckscanners - ich bin bisweilen geneigt, das S5 mit Freude vor die nächste Wand..... "
3,Der Scanner funktioniert - wenn und wann er will. 
3,Und nach einigen Fehlversuchen wird das Login für 30 Sekunden gesperrt. 
3,"Ganz toll, wenn wichtige Anrufe getätigt werden müssen. "
3,Eine absolute Fehlkonstruktion.
3,Arbeitstempo und bestimmte Apps lassen zu wünschen übrig
3,Bin im Großen und Ganzen zufrieden mit dem Gerät. 
3,"Ich war mir bewusst, dass das Handy bereits seit einem Jahr auf dem Markt ist und deshalb auch nicht mehr die allerneuste Technik drinne steckt. "
3,"Jedoch dachte ich, dass Anwendungen etwas flüssiger und flotter laufen würden. "
3,"Dies kann ein Indiz sein, dass 2Gb Arbeitsspeicher eventuell doch nicht mehr vollkommen ausreichend sind. "
3,"Da ich ein Android-Neuling bin, kann ich nicht genau sagen, ob die schwächelnde Performance vielleicht auf Probleme zwischen Lollipop 5.0, TouchWiz und suboptimal programmierten Apps zurück zu führen ist."
3,Doch nicht so Pefekt!
3,"Vorab, ich wollte mein altes S3 mit Cyanogenmod gegen das aktuelle S5 ersetzen. "
3,Leider hat es nicht meinen Anforderungen entsprochen.
3,In meiner Bewertung konzentriere ich mich nur auf die für mich negativen Produkteigenschaften.
3,Wenn man das Smartphone verschlüsselt (was sinnvoll ist weil so nach dem Rücksetzen auf Werkseinstellungen keine Daten mehr wieder herstellbar sind) kann man es nicht mehr mit dem Fingerabdruckscanner entsperren. 
3,Auch nicht mit dem PIN. 
3,Es muss eine 6 stellige Buchstaben-Zahlenkombination sein!
3,Ich habe von Amazon ein Rumänisches Modell bekommen was ja nicht so schlimm ist weil man ja die Sprache umstellen kann. 
3,Leider ist die Sprache aber anscheinen sehr tief im System. 
3,Bei verschlüsseltem Telefon fragt es auf Rumänisch nach dem Passwort auch mit Rumänischen Bestätigungsfeldern.
3,Die Drahtlos Ladefunktion Qi ist eine nette Sache. 
3,Leider Verwende ich immer eine TPU (mubi) Schutzhülle mit Displayfolie. 
3,Das zusätzliche Rückcover mit der Spule trägt aber so viel auf das es nicht mehr in die Schutzhülle passt. 
3,Nebenbei hat das Rückcover auch nicht nahtlos abgeschlossen (Produktionsfehler?)
3,Natürlich wie immer die Bloatware die sich nicht Deinstallieren lässt. 
3,In meinem Fall besonders lästig da die vorinstallierten Apps für den Rumänischen Markt gedacht sind.
3,Zuletzt stört mich noch das man nicht so wie bei Cyanogenmod die App Berechtigungen einzeln Verwalten kann. 
3,"Sicher das ist im Moment ein generelles Android Problem aber wenn man das S5 Rooted um die Funktionen Freizuschalten, Verliert man wegen Knox die Garantie!"
3,Nicht auf den Punkt…
3,Hm....
3,"Also gekauft nicht hier sondern für 399.- bei...und hoffe auf den Samsung Cashback von 100,-"
3,"Damit also ein *Premiumprodukt* für 299,- als Geschenk für die Dame des Hauses. "
3,Selber vor kurzem das IPhone6 für mich erworben. 
3,Daher kann ich das S5 mit dem 6er in einigen Punkten vergleichen.
3,Irgendwie ist das S5 aber in vielen Belangen einfach nicht auf den Punkt gebracht.
3,Fingerabdrucksensor...funktioniert gegenüber Iphone 6 deutlich unzuverlässlicher.
3,"Homebutton guckt wie bei Samsung üblich aus dem Gehäuse…daher mit (falschem) Klappcase leider des öfteren ein einschalten beobachtet, wenn man es in irgendeiner Tasche mit sich herumträgt. "
3,Auch hier Vorteil Iphone6
3,Mal schnell ein Schnappschuss von unserem 16Monate altem Kind?
3,"Iphone 6 ja, Samsung S5 : *halten Sie die Kamera still*...."
3,Zum Vorteil Samsung gegenüber Apfel : Wasser und Staubdicht...hm..
3,"Nur warum muss dann beim *Premium* Samsung S5 eine fummelige Klappe zum Aufladen geöffnet werden, während dies beim S5 Mini nicht der Fall ist?"
3,Also über die Möglichkeit der Induktionsladung nachgedacht. 
3,"Tja nur das man dann nicht nur das Lagegerät kaufen muss, sondern auch noch ein neues Rückcover…"
3,Hier macht es Sony besser.
3,Daher mein Fazit : vieles nicht auf den Punkt gebracht. 
3,"Sicherlich, bei einer UVP von 699,- und einem Preis von 299,- kann man ja einiges verschmerzen. "
3,"Aber wenn Samsung sein Top-Smartphone für 699,- positioniert, sind die Erwartungen einfach auch andere!"
3,Galaxy S5
3,"Das Galaxy S5 ist ein solides Smartphone mit einem tollen DIsplay und einer Kamera, die lange nicht so gut ist, wie es in vielen Kommentaren zu Ausdruck kommt. "
3,"Mann sollte tunlichst nur in der Normaleinstellung fotografieren, sobald es ein wenig dunkler wird oder der HDR- MODUS benutzt wird, wird das Foto matschig und die Details verschwimmen. "
3,Jede 60 Euro Aldi Kamera liefert bessere Ergebnisse.
3,Der Akku ist höchstens mittelmäßig und hält bei mäßiger Nutzung einen Tag.
3,Ein weiteres großes Manko ist der Combislot für die Sim - Karte und der Speicherkarte. 
3,Durch die Bauart des Slots bedingt scheint es bei vielen Modellen zu Schwierigkeiten beim Erkennen der Speicherkarten zu kommen.
3,"Alles in allem zuviel Geld für zu wenig Leistung, also für mich die pure Enttäuschung in dem Preissigment"
5,Mein starker ständiger Begleiter
5,"Obwohl ich mit meinen einstigen ständigen Begleitern, einem Samsung Galaxy S Duos und einem Samsung 7 Zoll Tablet recht zufrieden war, konnte ich vor einigen Monaten nicht widerstehen, als ich von Amazon Vine das Samsung Galaxy S5 zum Testen angeboten bekam."
5,"Natürlich hatte ich im Vorfeld schon gelesen, dass es ein 5,1 Zoll Display hat, trotzdem war ich erst einmal erschrocken, wie groß es wirklich ist."
5,"Ich habe halt in den letzten 20 Jahren erlebt, wie die Mobiltelefone erst immer kleiner wurden und nun werden meine Modelle von Mal zu Mal wieder größer."
5,Aber auch ich will ja mittlerweile mit ihnen nicht mehr nur telefonieren.
5,Trotz des Kunststoffgehäuses sieht das S5 richtig edel aus.
5,Ich mag seine leicht abgerundete Form und die rückseitige Abdeckung liegt durch das weichere Material mit Lochmuster gut in der Hand und ist griffig.
5,"Es rutscht auch, abgelegt auf glatten Oberflächen, nicht so leicht weg."
5,"Gut gefällt mir auch, dass dieses Smartphone trotz seiner Größe angenehm leicht ist."
5,Die Inbetriebnahme ging schnell und problemlos vonstatten.
5,"Allerdings sollte man dabei ein WLAN Netz verfügbar haben, denn es werden sofort jede Menge automatische Updates gemacht."
5,"Wenn man auf dem Mobilfunkvertrag ein begrenztes Datenvolumen hat, könnte es passieren, dass dieses durch die Updates bereits ausgeschöpft ist und es gedrosselt weitergeht oder man kauft dazu."
5,"Mittlerweile habe ich alles so eingestellt, dass Updates lediglich mit WLAN Verbindung automatisch gezogen werden."
5,"Da ich mich bei der Einrichtung mit meinem Google Konto verbunden hatte, wurden die Apps, die ich bereits auf meinem S Duos hatte( Kindle, Whats App und zwei Spiele) gleich mit installiert."
5,Ein bisschen konsternierte mich das.
5,"Nicht ganz selbstbestimmt, aber bequem."
5,Das Übertragen meiner gesamten Kontakte vom S Duos zum S5 war via Bluetooth( und vollkommen selbstbestimmt) auch innerhalb kürzester Zeit erledigt.
5,Das Display ist sensationell.
5,"Mit 5,1 Zoll so wunderbar groß, dass ich darauf alles problemlos erkennen kann und nur wenige Sachen groß ziehen muss."
5,Dazu ist es durch die hohe Auflösung( 1920 x 1080 Pixel Full HD) auch noch gestochen scharf.
5,"Ein riesiger Unterschied im Vergleich zu dem GalaxyS Duos und auch zum Tablet, den ich so extrem merkbar im Vorfeld nicht erwartet hätte."
5,"Seit ich das S5 habe, wird das Tablet von mir nur noch ganz selten genutzt."
5,Die Akkulaufzeit finde ich für ein so großes Smartphone vollkommen in Ordnung.
5,"Wenn ich telefoniere, viel im Internet unterwegs bin und dazu auch noch das eine oder andere Spielchen mache( ich habe durchaus Phasen, in denen ich viel srabble), hält er einen Tag."
5,Wenn ich nur telefoniere( ca. 6 & 7 Telefonate pro Tag) und Emails lese hält der Akku sogar 3 Tage.
5,Das Aufladen geht schnell und ist in knapp einer Stunde erledigt.
5,Ich hätte auch die Möglichkeit den Energiesparmodus oder gar den Ultra-Energiesparmodus einzustellen.
5,Damit käme ich mit 10 % Akkuverbrauch über den ganzen Tag.
5,"Leider sind in diesen Modi aber viele Funktionen nicht nutzbar, so dass ich es tatsächlich nicht geschafft habe, das auszutesten."
5,"Ich finde die Möglichkeit jedoch absolut genial, würde sie persönlich aber wirklich nur nutzen, wenn ich mal tagelang keine Steckdose und auch keine Powerbank zur Verfügung hätte."
5,"Bislang hatte ich auf Reisen immer noch die Möglichkeit, mein S5 mit mobilen Akkus wieder einsatzbereit zu machen."
5,Mit der Empfangsqualität war ich ja mit dem S Duos schon sehr zufrieden.
5,Aber auch hier überraschte mich das S5 und setzte noch einen drauf.
5,"Beim S Duos hatte ich z.B. in der Tiefgarage oder auch an bestimmten Stellen in der Kellerkneipe, in der ich im Nebenjob arbeite weder Telefon- noch Internetempfang."
5,"Telefonempfang habe ich sowohl in der Tiefgarage, als auch im Keller jetzt überall."
5,"Das mobile Internet hat an der einen oder anderen Stelle zwar Aussetzer, aber auch hier empfange ich mit dem S5 an Stellen, wo das S Duos keine Chance hatte."
5,Bei Telefonaten verstehe ich meine Gesprächspartner wunderbar und bin nach deren Aussagen auch bestens zu verstehen.
5,"Der Finger-Scanner schützt das Smartphone nicht nur vor unbefugtem Zugriff, sondern auch vor mir selbst."
5,"Als ich diese Funktion noch nicht eingerichtet hatte, habe ich es doch immer wieder geschafft in der Jackentasche das Smartphone zu entsperren und ungewollt diverse Apps zu öffnen, die dann natürlich Akku-Kapazität verbrauchten, ohne dass ich einen Nutzen davon hatte."
5,Bis zu 3 Fingerabdrücke kann man hinterlegen.
5,Die Einrichtung ging trotz 8 maligem Scannen jedes der Fingerabdrücke recht flott vonstatten und das Entsperren des S5 auf dem Fingerabdrucksensor funktioniert seither absolut problemlos.
5,Eine feine Sache!
5,Das S5 ist mit 2 Kameras ausgestattet.
5,"Auf der Rückseite befindet sich eine 16 Megapixel Kamera, auf der Vorderseite eine mit 2,1 Megapixel für Selfies oder Skype."
5,"Die Fotos, die ich mit ihr schieße - ich bin leider nur eine sogenannte Drückdrauf-Fotografin - stellen mich mehr als zufrieden."
5,"Sowohl bei Tageslicht, als auch bei Dunkelheit( hier schalte ich dann den Blitz zu)."
5,Allerdings nutze ich selbst lediglich die Autofunktionen.
5,"Im Menü der Kamera-App gibt es dann noch jede Menge Funktionen und Einstellungsmöglichkeiten, die mich persönlich aber schlichtweg überfordern."
5,Mit der Kamera kann ich auch 4K-Videos aufnehmen.
5,"Auch das ist etwas, was ich persönlich wohl gar nicht richtig zu schätzen weiß."
5,Allerdings habe ich schon einige Videos meines Lieblings-Musikers auf Straßenkonzerten aufgenommen und finde diese einfach nur toll.
5,Von den vielen werksseitig bereits vorinstallierten Apps nutze ich eigentlich nur ganz wenige.
5,"Eine, die ich inzwischen sehr schätzen gelernt habe, ist die Google Sprachsuche."
5,Sie hat bislang jede meiner Spracheingaben korrekt erkannt und lieferte mir immer in kürzester Zeit das gewünschte Ergebnis.
5,Mit S Voice ist von Samsung sogar noch eine weitere Sprachsuche auf dem S5.
5,Diese erkennt aber bei weitem nicht jede meiner Spracheingaben und geht mir mit ihren Antworten teilweise mächtig auf die Nerven.
5,"Überhaupt nutze ich von den Samsung Apps nur die, für die ich nicht noch extra ein Konto erstellen muss."
5,Aber jede bislang von mir genutzte App funktioniert problemlos und ohne jegliche Verzögerung.
5,In den gesamten mittlerweile 4 Monaten Nutzungszeit hatte ich nicht den kleinsten Aufhänger oder gar einen Systemabsturz.
5,Auch die Speicherkapazität reicht noch immer vollkommen aus.
5,"Notfalls könnte ich ja auch mit einer Speicherkarte erweitern, ist aber bislang nicht nötig."
5,Eine Sache werde ich aber nicht absichtlich austesten - die vom Hersteller angepriesene Wasserfestigkeit( 30 Minuten soll es bei maximal einem Meter wasserfest sein).
5,Ich habe vor mittlerweile doch schon wieder 3 Jahren mal ein fast neues Smartphone in einem Springbrunnen ertränkt und verlor dadurch all meine Kontakte.
5,"Daher sträubt sich in mir alles dagegen, jemals noch einmal ein Smartphone zu wässern."
5,Alles in allem bin ich mit dem S5 derzeit 100 %ig zufrieden und kann eine klare Empfehlung aussprechen.
5,"Das Smartphone kann alles, was man sich wünscht und noch viel mehr"
5,Bin vor ein Paar Wochen vom Samsung Galaxy S4 auf das Samsung Galaxy S5 umgestiegen und bin sehr sehr Zufrieden!
5,"Das Smartphone ist extrem schnell, optisch sehr schön und liegt sehr gut in der Hand!"
5,"Der Akku hält bei mir eineinhalb bis zwei Tage, also voll in Ordnung!"
5,"Die Kamera macht 1A Bilder und Videos( 4K Videos, Zeitlupe Aufnahme etc. auch sehr schön!)"
5,"Auch wenn es Anfangs Überwindung gekostet hat, es ist Wasserdicht!"
5,Das Overlay ist sehr schön gestaltet und die Android Version 5 ist sehr überzeugend!
5,"Empfehle das Smartphone jedem Weiter, der etwas für sein Geld bekommen möchte!"
5,ein guter Allrounder!
5,Ich komme gleich zur Sache!
5,"Super Display, optimale Größe von 5 Zoll, flüssige Bedienung, gute Sprach und Klangqualität."
5,Die Akkuleistung ist durchschnittlich und reicht für einen Arbeitstag.
5,Über Nacht im Standby gehen vielleicht 2 bis 3 Prozent drauf.
5,"Über den Tag nach 10 Gesprächen( Schnitt von 5 min), ca. 20 is 30 Nachrichten per sms und whatsapp, dem gelegentlichem Surfen( ca. 15 min über LTE und 15-20 min über WLAN), Kalendereinträgen, Emails kontrollieren, Wetter etc habe ich gegen 18 Uhr noch ca. 40 % auf dem Akku."
5,Ich habe aber sonst WLAN aus und GPS ebenso.
5,"Ich mag die Haptik des S5, wie schon die des S4."
5,Mein Note 4 mit seinem Metallrahmen fühlt sich irgendwie kalt und kantig an.
5,Mit Kitakat hatte ich viele Problem.
5,"Seit Lollipop installiert ist, läuft das Gerät richtig Sahne!"
5,"Keine Ruckler, Apps öffnen schnell."
5,Nur die Wärmeentwicklung ist wirklich beachtlich beim Surfen und Laden des Akkus!
5,Zudem ist die Optik von Lollipop klasse.
5,"Frisches und flaches Design, tolle Optik."
5,Alles in Allem einfach viel moderner!
5,Kann ich es empfehlen?
5,"Ja, durchaus."
5,"Durch die Kritiken sind die Preise fast identisch mit dem des S4 und rein vom Datenblatt her ist das S5 natürlich besser( auch wenn ich das S4 genauso gut finde, abgesehen von der Kamera, die ist beim S5 super!)."
5,"Mein Note 4 kann ich nicht zum Vergleich ziehen, das ist eine ganz andere Liga ;-)"
5,"In meinen Augen gibt es viele tolle Smartphones und ich verstehe das ganze Hickhack nicht, ob nun Apple oder Anroid."
5,"Ich finde auch iPhones und die Xperia's gut, nur habe ich ich immer schon Samsung gehabt und draum bleib ich auch dabei ;-)"
1,Testsieger???
1,"Ich verstehe nicht, warum dieser Staubsauger bei Stiftung Warentest als Testsieger gekürt wurde."
1,Ich habe das Gerät vor 3 Jahren gekauft.
1,Schon nach kurzer Zeit brach die Halterung für das Saugrohr.
1,"Nach ca. 2 Jahren hielten die Beutel nicht mehr richtig, obwohl ich nur Original Siemens Staubsaugerbeutel verwendet hatte."
1,"Deshalb ging der Dreck daneben und füllte den Raum für den Beutel, und es war immer wieder schwierig und eklig, den Dreck von dort zu entfernen."
1,"Außerdem verstopfte auf diese Weise der Motorfilter, der Dreck gelangte sogar hinter den Filter."
1,"Jetzt saugt das Gerät auch auf höchster Stufe kaum noch, trotz Filteraustausch."
1,Jetzt muss ich mir einen neuen Staubsauger kaufen.
1,"Bestimmt nicht mehr von Siemens, und von Stiftung Warentest werde ich mich auch nicht mehr beraten lassen."
1,Bin leider sehr enttäuscht
1,"Gut ist, dass er relativ leise ist."
1,Und leicht.
1,Die Bohrdüse ist auch genial.
1,"Er gleitet schön, wenn er nicht grad über's Kabel muss."
1,Er hat 2 Möglichkeiten zum Düse einhängen.
1,Zubehör ist auch ok.
1,"Was gar nicht gut ist, und deswegen würde ich ihn gerne an die Wand schmeissen: Bei weichen Schlingteppichen- vor allem aber bei Velourteppichen- saugt er gar nicht."
1,"Egal, was ich einstelle, ob der Beutel komplett neu ausgetauscht war, ich fahre über jeden einzelnen Fusel ungefähr 50 mal drüber, und am Ende nehm ich ihn doch mit der kleinen Düse auf."
1,"Wir haben viel Teppich, und ich brauche für jedes Zimmer 20 Minuten statt 3 "
1,Das ist total nervig.
1,"Und bleibt man ein klein wenig an einem Möbel hängen, fährt er sofort das Kabel ein."
1,"Da war der Mechanismus besser, dass man wo draufdrücken muss, damit er das Kabel einzieht."
1,"Er zieht es dann wie blöd ein, aber nach einiger Zeit lässt auch dies nach."
1,Und die sündhaft teuren Original Beutel passen nicht richtig.
1,"Man muss sie oft mehrmal richtig einpassen, und mit einem anderen Sauger das Innenleben wieder saubermachen."
1,"Ich sauge eigentlich total gerne, aber mit diesem Sauger graut es mir nun jeden Tag davor."
1,"Für nur Parkatt oder Fliesen ist er sicherlich super gut, aber nicht für unsere Teppiche."
1,Schade :-(
1,Nicht empfehlenswert!
1,"Der zweite Beutel wurde angelegt- schon gab es eine große Überraschung, da der Motor qualmte!"
1,"Geprüft-gefunden und mehrfach ausprobiert- die angelegten Beutel liegen nicht richtig an dem Staubrohr, demzufolge saugt sich der Dreck direkt in das Innere des Staubsaugers, verschmutzt alle Filter und kommt auch direkt zum Motor durch!"
1,Ein Skandal und das egal in welcher Preisklasse!
1,"Ich suche nach der Rechnung und reklamiere, so etwas ist mir noch nie passiert."
1,"Und ich glaube keinen Berichten mehr, verlasse mich zukünftig auf die Meinungen der Nutzer- dieser Fehler wurde hier bereits mehrfach benannt!"
1,Siemens Testsieger....
1,Bei mir gab es von Anfang an Probleme mit der Kabelaufwicklung.
1,Treibt einen zum Wahnsinn .
1,Wickelt einfach schlecht auf.
1,"Ich hab noch nie bei einem Staubsauger erlebt, dass permanent am Beutel vorbeigesaugt wird."
1,Musste das Gerät selber nach dem saugen von innen säubern.
1,Jetzt nach einem Jahr ist die Kabelaufwicklung ganz defekt und der Sauger wickelt dauernd auf.
1,Auch beim saugen.
1,Ich hatte Jahrelang Miele ohne Probleme.
1,Dies war mein 2ter Siemens und mein letzter.
1,"Wie so ein Gerät Testsieger geworden ist, ist mir ein Rätsel."
1,Unglaublich enttäuschend!
1,Der Staubsauger machte zuerst einen guten und stabilen Eindruck.
1,"Dann bei den ersten Versuchen zu saugen gab es schon Probleme mit der Klickverbindung der Teleskopstange, denn sie war manchmal nicht richtig fixiert und rutschte bei dem kleinsten Druck ineinander."
1,Nach ca.5 Tagen konnte man überhaupt nicht mehr saugen ohne dass die ausgezogene Teleskopstange nicht ineinander gerutscht ist.
1,Mit wenig Druck konnte man die Stange ineinander drücken!!! !
1,"Einfach unglaublich wie eine anscheinend stabile Klickverbindung eines Siemens Staubsaugers, der Testsieger geworden ist schon nach 5 Tagen( !!!! )kaputt gegangen ist."
1,Ebenso die Klickverbindung vom Schlauch zum oberen Griff ist von Anfang an ziemlich ausgeleiert gewesen .
1,Einfach entäuschend wie man so etwas konstruieren kann!!!
1,Ärgerlich- nie wieder SIEMENS
1,Dieser Staubsauger ist ABSOLUT NICHT ZU EMPFEHLEN.
1,Wir hatten bislang einen Staubsauger von MIELE- da sind Welten zwischen den Geräten.
1,"Wie es zu den überwiegend guten Bewertungen kommt, ist mir ein absolutes Rätsel."
1,"Kippt leicht, schlechte Saugleistung- Parkett ist gerade noch machbar, Teppiche gar nicht- während des Saugens ein übler Staubgeruch, das nervigste die Aufrollfeder- völlig lasch, zu dicker Schlauch, unhandlich- genug geärgert, wir haben nun wieder einen MIELE bestellt!"
1,Entspricht nicht den Erwartungen
1,"Haben den Sauger aufgrund der guten Bewertungen gekauft... .ABER, die erfüllt er nicht!!"
1,Handhabung mäßig.
1,"Die kleinen Rollen drehen und fahren sehr schlecht, sind nach ein paar Monaten abgebrochen!"
1,Kabeleinzug mäßig.
1,Saugleistung ab halber Beutelfüllung schlecht.
1,Parkposition durch wenig flexiblen Schlauch sehr sperrig.
1,Abluft nach oben ist schlecht gelöst.
1,wie wird sowas testsieger? ?????? 
1,definitiv KEINE kaufempfehlung!!!
1,bin leider voll enttäuscht!!!!!!! 
1,"kann nur bestätigen: Ich hab noch nie bei einem Staubsauger erlebt, dass permanent am Beutel vorbeigesaugt wird."
1,Muss das Gerät nach jedem saugen händisch von innen säubern!!
1,"wie kann es sein, dass es nicht gelingt, das saugrohr so einzusetzen, dass auch wirklich der staub in den( nicht gerade billigen original-) staubbeutel gelangt? ???"
1,"hallo, wir leben im 21 jhdt. & waren schon im weltall!"
1,"oder ist das auch wieder mal ein gerät mit gewollter soll-bruchstelle, damit das ding nicht zu lange benutzt wird??? "
1,"schade, dass frau nicht NULL STERNE vergeben kann!!!! "
1,definitiv KEINE kaufempfehlung!!!
1,Für den Bestimmungszweck nahezu unbrauchbar
1,"Vorab möchte ich sagen, dass die Saugleistung ok ist."
1,Das hat man aber auch bei anderen Modellen.
1,Ich hab mir den Sauger als Testsieger gekauft und erwartete Gutes.
1,Ich bin nach längerer Testphase mehr als enttäuscht.
1,"Wer auch immer diesen Sauger entwickelt hat, hat sich zu keiner Zeit auf Bedürfnisse von Kunden eingestellt."
1,"Mag ja sein, dass das Modell in Wohnungen mit freien Flächen überragend saugt."
1,"Aber, welche Wohnung hat das schon."
1,Zum einen ist da das vollkommen übertriebene Griffstück.
1,"Dieses macht den Sauger unflexibel und sperrig und schränkt die Saugbewegungen mehr als ein, besonders, wenn man unter Möbeln saugen möchte."
1,Per Säge hab ich es entfernt.
1,"Wobei es nicht wirklich besser wurde, denn nun hält das Saugrohr nicht mehr richtig."
1,"Punkt zwei ist der Schlauch, der offenbar einem Industriesauger nachempfunden worden ist."
1,"Komplett übertrieben und viel zu sperrig, um in einer Wohnung zu hantieren."
1,"Nicht zuletzt sind auch die drei drehbar gelagerten Rollen, durch die der Staubsauger in jede Richtung kullert, ohne der Bewegungsrichtung des Staubsaugenden zu folgen mehr als hinderlich."
1,"Zu der vollkommen sinnlosen Rückholautomatik, mit der die Aufrollung des Stromkabels funktioniert sage ich besser nichts, da diese auch nur funktioniert, wenn man sie nicht braucht."
1,Alles in Allem ist das Gerät für den alltäglichen Hausgebrauch komplett ungeeignet.
3,Nicht schlecht…
3,"eigentlich ist der Sauger sogar sehr gut, wäre da nicht die lästige Kabelaufwicklung."
3,Vielleicht komme ich damit nicht zurecht? 
3,"Das Kabel nervt ungemein, jedes Mal ganz herausziehen, um es wieder aufwickeln zu lassen. "
3,Das hätte man anders lösen müssen !
3,Klein aber fein!
3,Dieser Bodenstaubsauger Funktioniert einwandfrei jedoch eine Kleinigkeit ist für diesen Staubsauger zu bemängeln.
3,Der Kabelaufroller ist viel zu viel schwach und zieht kaum das Kabel ein nur jedes mal mit viel Geduld schaft er das!!!! 
3,Für das das Gerät von SIEMENS ist ein Markenhersteller ist das traurig das dortige Techniker da keine bessere Lösung haben!!!!
3,Bei No-Name Hersteller würde ich 4 Punkte dafür geben aber für eine Marken Hersteller gibt es dafür nur 3 Punkte!!!!
3,ganz in Ordnung
3,Das Material des Staubsaugers ist leider nicht sehr robust.
3,"Der Staubsauger ist sehr leicht, so dass er im Stand mit aufgehängter Düse einfach umfällt."
3,Ein qualitativeres Material hätte mir besser gefallen.
3,Ein bisschen laut …
3,"Der Staubsauger, den ich in der 3. Generation habe, ist zwar in Ordnung aber er wird von Generation zu Generation immer lauter."
3,"Er hat auch eine Eigenschaft, die mir erst beim letzten Kauf besonders auffällt: Er bläst die Luft stark wieder heraus und mit der Luft auch Kleinpartikel. "
3,Einen vierten lege ich mir nicht zu.
3,Nichts Neues
3,"Mein alter Siemens Staubsauger, den ich vor über 10 Jahren gekauft habe und für den ich deutlich unter 100 € bezahlt habe, ist von der Qualität her besser. "
3,"Bin sehr erstaunt, dass an der Qualität so gespart wird. "
3,"Saugleistung finde ich normal, also nicht von Wattangabe blenden lassen. "
3,Rest eher Plastikbomber. 
3,"Schlechtes Kabel, Kabellänge ausreichend, Rollen klein, eben vieles schlechter als bei den älteren Modellen...man spart wo man kann !"
3,Erfüllt die angegebenen Leistungswerte nicht.
3,Der Sauger ist soweit ok.
3,"Billige Bodendüse mit sehr kleinen Rollen, aber günstiger Gesamtpreis. "
3,Ich hatte zwei Geräte bestellt. 
3,Eines der beiden Geräte kam auf eine Spitzenstromaufnahme von 1450 Watt und eines auf 1895 Watt. 
3,Das zweite war auch merklich stärker und lauter. 
3,Habe den schwächeren zurückgesandt.
3,Trotzdem: Mein billigst China Aschesauger von Jago gibt 1200 Watt an und zieht tatsächlich 1187 Watt.
3,"Ich weiß nicht, wie oder was Siemens misst, aber einfach mal 2400W draufschreiben geht für einen deutschen Anbieter nicht."
3,"Saugleistung stimmt, aber leider kann man den Sockel nicht abnehmen"
3,der Saugsockel ist leider fix mit der Stange verbunden und daher kann man das Rohr nicht ohne diesem Saug-Sockel (keine Ahnung wie man das offiziell nennt) verwenden. 
3,"Zudem fehlt ein Luftschlitz an der Halterung, das erschwert das Saugen von Teppichen enorm!"
3,"Die Saugleistung und Lautstärke ist aber in Ordnung, daher verwende ich den Sauger weiterhin da er zu diesem Preis angemessen die Wohnung von Staub befreit. "
3,Allerdings sind diese beiden Mängel eigentlich ein Minimum für einen Staubsauger.
3,"Billiger verarbeitet als der Vorgänger, dennoch OK"
3,Ich hatte das Vorgängermodell welches wesentlich hochwertiger verarbeitet war. 
3,"Das Saugrohr ist viel Dünner, der Längenmechanismus schlechter verarbeitet und die Dämmung wurde wohl auch vergessen."
3,Laut aber Saugstark wie die Vorgänger!
3,Föhn auch gleich dabei
3,"saugen ist ok, leise ist was anderes und man erspart sich gleich einen föhn,ist praktisch ,im großen und ganzen zufrieden ."
3,Gutes Preis / Leistungsverhältnis
3,Für meine Bedürfnisse ist dieser Bodenstaubsauger ausreichend .
3,"Habe Fliesen im Großteil meiner Wohnung , also eine glatte Oberfläche wie sie auch Laminat oder PVC haben ."
3,"Dafür würde ja eigentlich auch ein leistungsschwächerer Sauger , etwa 500Watt ausreichen , sind aber schwer zu finden ."
3,"Mit diesem Erwerb hat man für glatte Oberflächen ein leistungsstarkes und kompaktes Gerät in der Hand , was sich beim Zukauf von Pinselbürste und Teppichdüse ( ich benutze sie allerdings zum absaugen von großen Oberflächen wie Matraze , Couch & entspr. Möbeln ) als ein gut zu handhabendes Helferlein herausstellt ."
3,"Die mitgelieferte Bodendüse ist nicht zu hoch , so das man auch unter schmalen Bereichen guten Zugang hat ."
3,Für den Teppichboden im Schlafzimmer ist sie allerdings nur mäßig geeignet .
3,"Ich habe die Erfahrung daraus gemacht , das ich die Düse nur in eine Richtung bewege ."
3,Ich platziere sie von mir weg und ziehe sie über den abzusaugenden Bereich zu mir hin .
3,"Ist ein wenig unbequem , habe aber sämtliche Partikel und Haare darin ."
3,"Nach dem Staubsaugen reinige ich ohnehin die benutzten Komponenten , indem ich diese mit dem Handstück noch einmal zusätzlich absauge ."
3,In vielen Rezessionen wird die Lautstärke bemängelt .
3,Das kann ich so nicht nachvollziehen und empfinde den Lärmpegel im Toleranzbereich .
3,"Das dieses Gerät bei wenigem Benutzen Striemen auf dem Gehäuse erkennen läßt , kann ich bestätigen ."
3,"Liegt Wohl daran das so ein Teil eher ein Gebrauchsgegenstand ist und dazu noch ein Plastikgehäuse hat , so wie alle anderen Staubsauger ."
3,"Hätte auch lieber ein Edelstahlgehäuse daran , gibt es aber anscheinend nicht ."
3,"Allerdings wäre es besser , wenn Staubsauger 4 anstatt 3 Räder besitzen würden ."
3,Dadurch hat er mehr Stabilität der Standfestigkeit und beim hinterher ziehen .
3,"4 Räder schlingern dabei erheblich weniger und stoßen auch weniger an Möbel an , wodurch er nicht so schnell vermackt !"
3,Der Aktionsradius der Zuleitung ist komfortabel und der Kabeleinzug ist hoffentlich auch noch in ein paar Jahren der Benutzung funktionell !
3,Fazit : Die Lebensdauer läßt sich nicht nach ein paar Monaten beurteilen .
3,Für den täglichen Gebrauch und die Zusätzlichen üblichen Handhabungen ist dieses Kauf in Ordnung .
3,Wer allerdings ein Gerät für den halben Preis erwerben möchte kauft unter Umständen zweimal . . .
3,"Gute Saugleistung, Teleskopstange leider etwas kurz"
3,Der Staubsauger erfüllt seinen Zweck. 
3,"Gute Saugleistung, Lautstärke hält sich im Rahmen. "
3,Die Teleskopstange könnte für große Menschen etwas länger sein. 
3,"Die einzelnen Aufsteckelemente (Bürsten, Schlauch und Teleskopstange) werden ineinander gesteckt, ohne dass es einen Schließmechanismus gibt (es rastet nichts ein). "
3,"Eine Trennung der Elemente kann daher nur mit größerer Krafteinwirkung erfolgen, was nicht sehr komfortabel ist."
3,Entspricht nicht den Erwartungen
3,Das Produkt entspricht nicht den Erwartungen. 
3,"Der Staubsauger verursacht auf der höchsten Stufe einen unerträglichen Lärm, die Verarbeitung entspricht der eines Billigsaugers und nicht dem eines 150.- Euro Saugers. "
3,Hätte ihn bereits zurückgesandt wenn mein Hund nicht die Möbeldüse angeknabbert hätte.
3,guter Sauger
3,"Die Saugleistung wirkt schwach, warum weiß ich nicht. "
3,Ob da wirklich 2400Watt drin stecken? 
3,Optisch schönes Teil. 
3,Zubehör inklusive. 
3,Super Reichweite!!! 
3,Tolles Handling! 
3,Aber die Bodendüse ist ätzend. 
3,"Sie rollt zwar anfangs leicht, fängt dann aber an zu quietschen. "
3,"Ich bin froh, dass wir robustes Laminat haben - auf empfindlichem Laminat hätten wir jede Menge Kratzer!! "
3,Die Bürstenhaare kommen einfach nicht weit genug raus um den Boden vor der harten Unterseite der Düse zu schützen. 
3,Ich werde wohl noch eine andere Bodendüse kaufen müssen.
3,"saugt gut, aber…"
3,für große Menschen ist der Schlauch recht kurz. 
3,Die Kabelaufwickelung nervt !
3,"Mal rollt sich das Kabel ungewollt ein, mal geht es nicht richtig rein,wenn man will."
5,Einfach 1A- auch bei Tierhaaren!
5,Ich hatte vorher einen beutellosen Staubsauger.
5,Leider hat er seine Saugleistung zur Gänze aufgegeben- als kam wieder ein neuer in den Haushalt- mit Beutel.
5,Warum?
5,"Im Endeffekt kommt es mir hygienischer und einfacher vor: Klappe auf, Beutel raus, Beutel rein, Klappe zu und weiter geht's."
5,Und ich muss sagen: Begeisterung meinerseits!
5,Entweder war mein bisheriges Geräte eine lahme Krüke oder dieses Gerät ist der abolute Hammer- oder beides.
5,"Ich war bei max. 1800 Watt zurückhaltend, was die Saugleistung betrifft."
5,Aber ich habe mich geirrt.
5,Er saugt und saugt und wie!
5,Habe meinen Balkon mal in Angriff genommen- mit einem Rasenteppich.
5,Zwei Katzen bevölkern den Balkon ständig.
5,"Dementsprechend war der Zustand des Rasenteppichs; übersäht mit Tierhaaren, die sich schon richtoig reinverfilzt haben."
5,"Ich also mit meinem neu erstandeme Staubsauger hin, dachte mir: der Härtetest."
5,"Wenn er das schafft, bleibt er bei mir."
5,"Und wirklich- das Grau verschwand, rasch."
5,"Und hervor kam ein grün, wie ich es schon lange nicht mehr gesehen habe."
5,Hut ab- diese Leistung hat mich sehr beeindruckt.
5,"Als nächstes werde ich die Polstermöbel angehen- bin zuversichtlich, dass das Teil diese auch gut packen wird."
5,Zubehör: sehr gut.
5,Man ist also gut beraten gleich eine Packung Ersatzbeutel mitzubestellen.
5,"Die Düsen sind auch gut einsetzbar: zwei Fugendüsen( klein und Groß), eine Bohrstaubdüse( finde ich entbehrlich), eine Matratzendüse und zwei Polsterdüsen( eine mit extra großer Fläche für Tierhaare- die hab ich noch nicht ausprobiert) und natürlich die Hauptdüse mit zuschaltaberer Bürste für das Wechseln zwischen Parkett und Teppich)."
5,Was ich ist das geringe Gewicht mit etwa 4 kg- einstarker Zwerg.
5,"Gut für meine Wohnung, da ich ein Stockwerk habe iund somit mit dem Ding auch rauf und runter muss."
5,Parkhilfe für das Gestzänge am Gerät- selbstredend dabei.
5,Ebenso wie die automatische Kabelaufrollung- ohne extra Knopf.
5,Zieht selbständig ein- eine gute Sache.
5,"Dabei muss man allerdings ,manchmal etwas nachhelfen( Stück rausziehen und selbständig aufrollen lassen)."
5,Lupenreine Kaufempfehlung!
5,Sehr empfehlenswert
5,Ich habe seit 13 Jahren meinen alten Siemens-Staubsauger und bin immer sehr zufrieden damit gewesen.
5,"Nun wurde es an der Zeit, nach einem neuen zu suchen."
5,"Das neuen Modell hat mich voll und ganz überzeugt, er ist bei normaler Saugleistung extrem leise und saugt trotzdem sehr gut."
5,"Das Zubehör ist äußerst praktisch, um in alle Ecken zu kommen."
5,Mit der Polsterdüse kann man auch toll Bambusrollos absaugen.
5,Auch die Düse zum Bohrstaub auffangen ist eine große Bereicherung.
5,Ich bin rundum zufrieden.
5,super Kauf
5,"Ich hätte nicht gedacht, dass ich mich eines Tages über einen Staubsauger freuen würde, aber dieses Gerät hat es geschafft :-)"
5,Es gibt nur positives zu berichten:
5,Die Saugleistung ist prima.
5,Auch die Steuerung der Leistung ist einwandfrei.
5,"Sehr schön ist auch der lange, ausziehbare Teleskopstiel mit dem extra Handgriff."
5,"Durch diesen Griff ist es ein Leichtes, durch einfach Drehen unter allen Möbeln und in allen Ecken zu saugen."
5,"Das Kabel ist richtig lang, so dass ein häufiges umstecken entfällt."
5,"Das kleinere ZUbehör ist praktisch am Gerät verstaut, ohne im Weg zu sein."
5,Das Preis- Leistungsverhältnis ist nicht zu verachten.
5,Dieses Gerät hat bei Stiftung Warentest mit am Besten abgeschnitten und ist weitaus günstiger als die Mitkonkurrenten.
5,Alles in allem haben wir einen super Kauf getätigt und sind sehr zufrieden mit dem Gerät.
5,Der Porsche unter den Staubsaugern
5,Blitzschnelle Lieferung von Amazon.
5,Den Staubsauger ausgepackt und Probegesaugt :das ist meiner!
5,"Nach dem Lesen fast aller Bewertungen für dieses Gerät, konnte ich manchmal gar nicht glauben dass es derselbe Staubsauger ist, über den geschrieben wurde."
5,Und nun der eigene Test.
5,Ich bin super zufrieden!
5,"Und stelle doch auch wieder fest, dass so ein Staubsauger auch den eigenen Vorlieben entsprechen muss."
5,Ich mag einfach die Siemens- und dieser ist ein ganz tolles Modell.
5,"Und im Prinzip hat jede Rezension mit dem was gelobt oder bemängelt wird ,irgendwo recht."
5,"Für mich ist ausschlagebend, dass ich zu einem moderaten Preis einen feinen und sehr gut verarbeiteten Staubsauger bekommen habe."
5,Sehr leise im mittleren und unteren Bereich- man glaubt es gar nicht wenn man ihn angeschaltet hat.
5,Für die Wattzahl eine gute Saugleistung.
5,Tolles Zubehör für jeden Saug(an-)fall.
5,Sehr robuste Verarbeitung .
5,Und ein Metallrohr welches sich auch auf grosse Menschen einstellen lässt.
5,"Das Rohr und der Fuss wiegen zusammen fast soviel wie der Staubsauger ansich, daran muss man sich erstmal gewöhnen."
5,"Trotzdem emfinde ich die Handhabung als gut, wenn es auch mehr Körperkraft erfordert."
5,"Ausserdem ist es für mich ein sattes Plus, dass diese Teile so robust und in sich fest gearbeitet sind."
5,Da wackelt nichts und der Fuss ist in dem Gelenk sehr fest( bei weicher Drehung!) .
5,"Mir persönlich geht beim Saugen nichts mehr auf die Nerven ,als wackelige Teile."
5,Das wird einem hier nicht passieren!
5,"Sämtliche Zusammenschlüsse( Staubsauger ,Schlauch ,Handgriff ,Rohr ,Saugfuss) sind durch Klickverschlüsse gesichert ."
5,"Passt genau, wackelt nicht und lässt sich sehr leicht bedienen."
5,"Die Abluft relativ steil nach oben empfinde ich persönlich angenehmer als beim Vorgänger, immer im Nacken."
5,Irgendwo muss das ja hin- und es ist nicht stärker als bei anderen Saugern.
5,"Der Griff oben an dem Stück zwischen Plastickrohr und Metallrohr ist erstmal zum Gewöhnen, lässt sich aber gut handhaben ."
5,"Sollte es deshalb an engen Stellen mal nicht weitergehen, gibt es dieses lange Zusatzrohr, welches mitgeliefert wird."
5,"Das Kabel ist wirklich extra lang, und zieht sich auch sehr schnell ein, wenn man ausversehen dran ruckelt."
5,Aber darauf kann man sich einstellen.
5,"Entweder andere Steckdose, oder eben nicht drauftreten und gleichzeitig den Staubsauger nach vorne ziehen( meine Spezialität)."
5,Der Stecker ist in neueren Steckdosen tatsächlich sehr schwergängig.
5,Mit etwas älteren Mehrfachsteckern gibt es aber keine Probleme.
5,Die Rollen sind sehr leichtgängig und der Sauger ist wendig durch diese kleinen Rollen.
5,"Wenn man ihn am Schlauch etwas anlüpft, hoppelt er auch über das Stromkabel."
5,"Dass es beim sehr flachen Saugen zum Bodenkontakt mit der Einparkhilfe kommt, mag sein."
5,"Aber das lässt sich mit einer kleinen Drehung des Rohrs zur Seite, vermeiden."
5,Mein Fazit: ein echt toller und vielseitiger Staubsauger zu einem guten Preis!
5,Siemens VSZ31456 Bodenstaubsauger
5,Dieser Siemens VSZ31456 Bodenstaubsauger hält was er verspricht .
5,"Eine klare Kaufempfehlung für jeden ,der für kleines Geld einen ganz """"großen"""" Staubsauger erhalten möchte ."
5,Das Packet mit diversen Zusatzteilen ergänzt meine positive Einstellung zu diesem Produkt .
5,Für Tierliebhaber ist dieser Siemens VSZ31456 Bodenstaubsauger ein muss um den Kampf gegen die Tierhaare zu bestehen :-)!!!
5,Aber Vorsicht... die Saugleistung dieses Gerätes ist enorm und kann unter umständen zum Kraftakt werden .
5,"Deswegen lieber den Drehregler der Saugkraftgerulierung lieber im Mittelbereich einstellen ,sonst suchen Sie noch Ihren Teppich :D"
5,"Positiv aufgefallen ist mir noch das man während des Saugens problemlos telefonieren kann ,da dieser Sauger eher schnurrt statt dröhnt."
5,"Dank seiner kleinen """"Größe"""" ist er problemlos in jede Ecke zu verstauen und wartet geduldig auf seinen nächsten Einsatz."
